//
// 6
// Data size = 27745 bytes
//
// GIF, Compression=LZW, Size: 128 x 64, 8-Bpp
// 61 frames
//
// for non-Arduino builds...
#ifndef PROGMEM
#define PROGMEM
#endif
const uint8_t _6[] PROGMEM = {
	0x47, 0x49, 0x46, 0x38, 0x39, 0x61, 0x80, 0x00, 0x40, 0x00, 0xF7, 0x86, 0x00, 0xFD, 0xFD, 0xFD, 
0x20, 0x20, 0x20, 0x25, 0x25, 0x25, 0x07, 0x07, 0x07, 0x01, 0x01, 0x01, 0xBF, 0xBF, 0xBF, 0xDA, 
0xDA, 0xDA, 0xF7, 0xF7, 0xF7, 0xF8, 0xF8, 0xF8, 0x3A, 0x3A, 0x3A, 0xD9, 0xD9, 0xD9, 0x08, 0x08, 
0x08, 0xFE, 0xFE, 0xFE, 0x21, 0x21, 0x21, 0xC4, 0xC4, 0xC4, 0x40, 0x40, 0x40, 0xDE, 0xDE, 0xDE, 
0xDF, 0xDF, 0xDF, 0x05, 0x05, 0x05, 0x3F, 0x3F, 0x3F, 0xBE, 0xBE, 0xBE, 0x26, 0x26, 0x26, 0xD7, 
0xD7, 0xD7, 0xD8, 0xD8, 0xD8, 0x3B, 0x3B, 0x3B, 0x06, 0x06, 0x06, 0xBA, 0xBA, 0xBA, 0xF6, 0xF6, 
0xF6, 0xC0, 0xC0, 0xC0, 0xDD, 0xDD, 0xDD, 0xFB, 0xFB, 0xFB, 0x39, 0x39, 0x39, 0xB9, 0xB9, 0xB9, 
0x1B, 0x1B, 0x1B, 0xC5, 0xC5, 0xC5, 0xA5, 0xA5, 0xA5, 0xFA, 0xFA, 0xFA, 0x03, 0x03, 0x03, 0xFC, 
0xFC, 0xFC, 0x45, 0x45, 0x45, 0x22, 0x22, 0x22, 0xF0, 0xF0, 0xF0, 0x3E, 0x3E, 0x3E, 0xC1, 0xC1, 
0xC1, 0xBC, 0xBC, 0xBC, 0x27, 0x27, 0x27, 0xF9, 0xF9, 0xF9, 0x41, 0x41, 0x41, 0xE4, 0xE4, 0xE4, 
0xDC, 0xDC, 0xDC, 0xBD, 0xBD, 0xBD, 0xF5, 0xF5, 0xF5, 0x0C, 0x0C, 0x0C, 0x44, 0x44, 0x44, 0xC6, 
0xC6, 0xC6, 0x04, 0x04, 0x04, 0xF1, 0xF1, 0xF1, 0x5A, 0x5A, 0x5A, 0xBB, 0xBB, 0xBB, 0x5F, 0x5F, 
0x5F, 0x1F, 0x1F, 0x1F, 0x23, 0x23, 0x23, 0x2C, 0x2C, 0x2C, 0x3C, 0x3C, 0x3C, 0x2D, 0x2D, 0x2D, 
0x38, 0x38, 0x38, 0xA4, 0xA4, 0xA4, 0xEB, 0xEB, 0xEB, 0xF4, 0xF4, 0xF4, 0x0E, 0x0E, 0x0E, 0xCB, 
0xCB, 0xCB, 0x7A, 0x7A, 0x7A, 0x9F, 0x9F, 0x9F, 0x0D, 0x0D, 0x0D, 0xD2, 0xD2, 0xD2, 0x49, 0x49, 
0x49, 0x28, 0x28, 0x28, 0xE5, 0xE5, 0xE5, 0xD3, 0xD3, 0xD3, 0xA1, 0xA1, 0xA1, 0x58, 0x58, 0x58, 
0xE2, 0xE2, 0xE2, 0x09, 0x09, 0x09, 0xE6, 0xE6, 0xE6, 0xE0, 0xE0, 0xE0, 0xF2, 0xF2, 0xF2, 0x1E, 
0x1E, 0x1E, 0x46, 0x46, 0x46, 0x9E, 0x9E, 0x9E, 0xB7, 0xB7, 0xB7, 0xDB, 0xDB, 0xDB, 0xB8, 0xB8, 
0xB8, 0x24, 0x24, 0x24, 0x0A, 0x0A, 0x0A, 0xD5, 0xD5, 0xD5, 0xA6, 0xA6, 0xA6, 0xE1, 0xE1, 0xE1, 
0xA0, 0xA0, 0xA0, 0x4A, 0x4A, 0x4A, 0x2B, 0x2B, 0x2B, 0xF3, 0xF3, 0xF3, 0xD0, 0xD0, 0xD0, 0x1C, 
0x1C, 0x1C, 0x59, 0x59, 0x59, 0x42, 0x42, 0x42, 0xC3, 0xC3, 0xC3, 0x1D, 0x1D, 0x1D, 0xD6, 0xD6, 
0xD6, 0xC2, 0xC2, 0xC2, 0x0F, 0x0F, 0x0F, 0xB3, 0xB3, 0xB3, 0x64, 0x64, 0x64, 0x60, 0x60, 0x60, 
0x7F, 0x7F, 0x7F, 0xD1, 0xD1, 0xD1, 0x2A, 0x2A, 0x2A, 0xEA, 0xEA, 0xEA, 0xC7, 0xC7, 0xC7, 0x9B, 
0x9B, 0x9B, 0x5D, 0x5D, 0x5D, 0x31, 0x31, 0x31, 0x43, 0x43, 0x43, 0x5E, 0x5E, 0x5E, 0xB4, 0xB4, 
0xB4, 0x65, 0x65, 0x65, 0x4B, 0x4B, 0x4B, 0x1A, 0x1A, 0x1A, 0x5C, 0x5C, 0x5C, 0x5B, 0x5B, 0x5B, 
0x0B, 0x0B, 0x0B, 0xEF, 0xEF, 0xEF, 0x02, 0x02, 0x02, 0xFF, 0xFF, 0xFF, 0x00, 0x00, 0x00, 0xFF, 
0xFF, 0xFF, 0x00, 0x00, 0x00, 0x00, 0x00, 0x00, 0x00, 0x00, 0x00, 0x00, 0x00, 0x00, 0x00, 0x00, 
0x00, 0x00, 0x00, 0x00, 0x00, 0x00, 0x00, 0x00, 0x00, 0x00, 0x00, 0x00, 0x00, 0x00, 0x00, 0x00, 
0x00, 0x00, 0x00, 0x00, 0x00, 0x00, 0x00, 0x00, 0x00, 0x00, 0x00, 0x00, 0x00, 0x00, 0x00, 0x00, 
0x00, 0x00, 0x00, 0x00, 0x00, 0x00, 0x00, 0x00, 0x00, 0x00, 0x00, 0x00, 0x00, 0x00, 0x00, 0x00, 
0x00, 0x00, 0x00, 0x00, 0x00, 0x00, 0x00, 0x00, 0x00, 0x00, 0x00, 0x00, 0x00, 0x00, 0x00, 0x00, 
0x00, 0x00, 0x00, 0x00, 0x00, 0x00, 0x00, 0x00, 0x00, 0x00, 0x00, 0x00, 0x00, 0x00, 0x00, 0x00, 
0x00, 0x00, 0x00, 0x00, 0x00, 0x00, 0x00, 0x00, 0x00, 0x00, 0x00, 0x00, 0x00, 0x00, 0x00, 0x00, 
0x00, 0x00, 0x00, 0x00, 0x00, 0x00, 0x00, 0x00, 0x00, 0x00, 0x00, 0x00, 0x00, 0x00, 0x00, 0x00, 
0x00, 0x00, 0x00, 0x00, 0x00, 0x00, 0x00, 0x00, 0x00, 0x00, 0x00, 0x00, 0x00, 0x00, 0x00, 0x00, 
0x00, 0x00, 0x00, 0x00, 0x00, 0x00, 0x00, 0x00, 0x00, 0x00, 0x00, 0x00, 0x00, 0x00, 0x00, 0x00, 
0x00, 0x00, 0x00, 0x00, 0x00, 0x00, 0x00, 0x00, 0x00, 0x00, 0x00, 0x00, 0x00, 0x00, 0x00, 0x00, 
0x00, 0x00, 0x00, 0x00, 0x00, 0x00, 0x00, 0x00, 0x00, 0x00, 0x00, 0x00, 0x00, 0x00, 0x00, 0x00, 
0x00, 0x00, 0x00, 0x00, 0x00, 0x00, 0x00, 0x00, 0x00, 0x00, 0x00, 0x00, 0x00, 0x00, 0x00, 0x00, 
0x00, 0x00, 0x00, 0x00, 0x00, 0x00, 0x00, 0x00, 0x00, 0x00, 0x00, 0x00, 0x00, 0x00, 0x00, 0x00, 
0x00, 0x00, 0x00, 0x00, 0x00, 0x00, 0x00, 0x00, 0x00, 0x00, 0x00, 0x00, 0x00, 0x00, 0x00, 0x00, 
0x00, 0x00, 0x00, 0x00, 0x00, 0x00, 0x00, 0x00, 0x00, 0x00, 0x00, 0x00, 0x00, 0x00, 0x00, 0x00, 
0x00, 0x00, 0x00, 0x00, 0x00, 0x00, 0x00, 0x00, 0x00, 0x00, 0x00, 0x00, 0x00, 0x00, 0x00, 0x00, 
0x00, 0x00, 0x00, 0x00, 0x00, 0x00, 0x00, 0x00, 0x00, 0x00, 0x00, 0x00, 0x00, 0x00, 0x00, 0x00, 
0x00, 0x00, 0x00, 0x00, 0x00, 0x00, 0x00, 0x00, 0x00, 0x00, 0x00, 0x00, 0x00, 0x00, 0x00, 0x00, 
0x00, 0x00, 0x00, 0x00, 0x00, 0x00, 0x00, 0x00, 0x00, 0x00, 0x00, 0x00, 0x00, 0x00, 0x00, 0x00, 
0x00, 0x00, 0x00, 0x00, 0x00, 0x00, 0x00, 0x00, 0x00, 0x00, 0x00, 0x00, 0x00, 0x00, 0x00, 0x00, 
0x00, 0x00, 0x00, 0x00, 0x00, 0x00, 0x00, 0x00, 0x00, 0x00, 0x00, 0x00, 0x00, 0x00, 0x00, 0x00, 
0x00, 0x00, 0x00, 0x00, 0x00, 0x00, 0x00, 0x00, 0x00, 0x00, 0x00, 0x00, 0x00, 0x21, 0xFF, 0x0B, 
0x4E, 0x45, 0x54, 0x53, 0x43, 0x41, 0x50, 0x45, 0x32, 0x2E, 0x30, 0x03, 0x01, 0x00, 0x00, 0x00, 
0x21, 0xFF, 0x0B, 0x58, 0x4D, 0x50, 0x20, 0x44, 0x61, 0x74, 0x61, 0x58, 0x4D, 0x50, 0x3C, 0x3F, 
0x78, 0x70, 0x61, 0x63, 0x6B, 0x65, 0x74, 0x20, 0x62, 0x65, 0x67, 0x69, 0x6E, 0x3D, 0x22, 0xEF, 
0xBB, 0xBF, 0x22, 0x20, 0x69, 0x64, 0x3D, 0x22, 0x57, 0x35, 0x4D, 0x30, 0x4D, 0x70, 0x43, 0x65, 
0x68, 0x69, 0x48, 0x7A, 0x72, 0x65, 0x53, 0x7A, 0x4E, 0x54, 0x63, 0x7A, 0x6B, 0x63, 0x39, 0x64, 
0x22, 0x3F, 0x3E, 0x20, 0x3C, 0x78, 0x3A, 0x78, 0x6D, 0x70, 0x6D, 0x65, 0x74, 0x61, 0x20, 0x78, 
0x6D, 0x6C, 0x6E, 0x73, 0x3A, 0x78, 0x3D, 0x22, 0x61, 0x64, 0x6F, 0x62, 0x65, 0x3A, 0x6E, 0x73, 
0x3A, 0x6D, 0x65, 0x74, 0x61, 0x2F, 0x22, 0x20, 0x78, 0x3A, 0x78, 0x6D, 0x70, 0x74, 0x6B, 0x3D, 
0x22, 0x41, 0x64, 0x6F, 0x62, 0x65, 0x20, 0x58, 0x4D, 0x50, 0x20, 0x43, 0x6F, 0x72, 0x65, 0x20, 
0x35, 0x2E, 0x36, 0x2D, 0x63, 0x31, 0x33, 0x32, 0x20, 0x37, 0x39, 0x2E, 0x31, 0x35, 0x39, 0x32, 
0x38, 0x34, 0x2C, 0x20, 0x32, 0x30, 0x31, 0x36, 0x2F, 0x30, 0x34, 0x2F, 0x31, 0x39, 0x2D, 0x31, 
0x33, 0x3A, 0x31, 0x33, 0x3A, 0x34, 0x30, 0x20, 0x20, 0x20, 0x20, 0x20, 0x20, 0x20, 0x20, 0x22, 
0x3E, 0x20, 0x3C, 0x72, 0x64, 0x66, 0x3A, 0x52, 0x44, 0x46, 0x20, 0x78, 0x6D, 0x6C, 0x6E, 0x73, 
0x3A, 0x72, 0x64, 0x66, 0x3D, 0x22, 0x68, 0x74, 0x74, 0x70, 0x3A, 0x2F, 0x2F, 0x77, 0x77, 0x77, 
0x2E, 0x77, 0x33, 0x2E, 0x6F, 0x72, 0x67, 0x2F, 0x31, 0x39, 0x39, 0x39, 0x2F, 0x30, 0x32, 0x2F, 
0x32, 0x32, 0x2D, 0x72, 0x64, 0x66, 0x2D, 0x73, 0x79, 0x6E, 0x74, 0x61, 0x78, 0x2D, 0x6E, 0x73, 
0x23, 0x22, 0x3E, 0x20, 0x3C, 0x72, 0x64, 0x66, 0x3A, 0x44, 0x65, 0x73, 0x63, 0x72, 0x69, 0x70, 
0x74, 0x69, 0x6F, 0x6E, 0x20, 0x72, 0x64, 0x66, 0x3A, 0x61, 0x62, 0x6F, 0x75, 0x74, 0x3D, 0x22, 
0x22, 0x20, 0x78, 0x6D, 0x6C, 0x6E, 0x73, 0x3A, 0x78, 0x6D, 0x70, 0x3D, 0x22, 0x68, 0x74, 0x74, 
0x70, 0x3A, 0x2F, 0x2F, 0x6E, 0x73, 0x2E, 0x61, 0x64, 0x6F, 0x62, 0x65, 0x2E, 0x63, 0x6F, 0x6D, 
0x2F, 0x78, 0x61, 0x70, 0x2F, 0x31, 0x2E, 0x30, 0x2F, 0x22, 0x20, 0x78, 0x6D, 0x6C, 0x6E, 0x73, 
0x3A, 0x78, 0x6D, 0x70, 0x4D, 0x4D, 0x3D, 0x22, 0x68, 0x74, 0x74, 0x70, 0x3A, 0x2F, 0x2F, 0x6E, 
0x73, 0x2E, 0x61, 0x64, 0x6F, 0x62, 0x65, 0x2E, 0x63, 0x6F, 0x6D, 0x2F, 0x78, 0x61, 0x70, 0x2F, 
0x31, 0x2E, 0x30, 0x2F, 0x6D, 0x6D, 0x2F, 0x22, 0x20, 0x78, 0x6D, 0x6C, 0x6E, 0x73, 0x3A, 0x73, 
0x74, 0x52, 0x65, 0x66, 0x3D, 0x22, 0x68, 0x74, 0x74, 0x70, 0x3A, 0x2F, 0x2F, 0x6E, 0x73, 0x2E, 
0x61, 0x64, 0x6F, 0x62, 0x65, 0x2E, 0x63, 0x6F, 0x6D, 0x2F, 0x78, 0x61, 0x70, 0x2F, 0x31, 0x2E, 
0x30, 0x2F, 0x73, 0x54, 0x79, 0x70, 0x65, 0x2F, 0x52, 0x65, 0x73, 0x6F, 0x75, 0x72, 0x63, 0x65, 
0x52, 0x65, 0x66, 0x23, 0x22, 0x20, 0x78, 0x6D, 0x70, 0x3A, 0x43, 0x72, 0x65, 0x61, 0x74, 0x6F, 
0x72, 0x54, 0x6F, 0x6F, 0x6C, 0x3D, 0x22, 0x41, 0x64, 0x6F, 0x62, 0x65, 0x20, 0x50, 0x68, 0x6F, 
0x74, 0x6F, 0x73, 0x68, 0x6F, 0x70, 0x20, 0x43, 0x43, 0x20, 0x32, 0x30, 0x31, 0x35, 0x2E, 0x35, 
0x20, 0x28, 0x57, 0x69, 0x6E, 0x64, 0x6F, 0x77, 0x73, 0x29, 0x22, 0x20, 0x78, 0x6D, 0x70, 0x4D, 
0x4D, 0x3A, 0x49, 0x6E, 0x73, 0x74, 0x61, 0x6E, 0x63, 0x65, 0x49, 0x44, 0x3D, 0x22, 0x78, 0x6D, 
0x70, 0x2E, 0x69, 0x69, 0x64, 0x3A, 0x42, 0x41, 0x44, 0x46, 0x31, 0x30, 0x44, 0x37, 0x31, 0x37, 
0x39, 0x30, 0x31, 0x31, 0x46, 0x31, 0x41, 0x37, 0x37, 0x41, 0x41, 0x43, 0x35, 0x44, 0x44, 0x41, 
0x35, 0x43, 0x38, 0x31, 0x44, 0x34, 0x22, 0x20, 0x78, 0x6D, 0x70, 0x4D, 0x4D, 0x3A, 0x44, 0x6F, 
0x63, 0x75, 0x6D, 0x65, 0x6E, 0x74, 0x49, 0x44, 0x3D, 0x22, 0x78, 0x6D, 0x70, 0x2E, 0x64, 0x69, 
0x64, 0x3A, 0x42, 0x41, 0x44, 0x46, 0x31, 0x30, 0x44, 0x38, 0x31, 0x37, 0x39, 0x30, 0x31, 0x31, 
0x46, 0x31, 0x41, 0x37, 0x37, 0x41, 0x41, 0x43, 0x35, 0x44, 0x44, 0x41, 0x35, 0x43, 0x38, 0x31, 
0x44, 0x34, 0x22, 0x3E, 0x20, 0x3C, 0x78, 0x6D, 0x70, 0x4D, 0x4D, 0x3A, 0x44, 0x65, 0x72, 0x69, 
0x76, 0x65, 0x64, 0x46, 0x72, 0x6F, 0x6D, 0x20, 0x73, 0x74, 0x52, 0x65, 0x66, 0x3A, 0x69, 0x6E, 
0x73, 0x74, 0x61, 0x6E, 0x63, 0x65, 0x49, 0x44, 0x3D, 0x22, 0x78, 0x6D, 0x70, 0x2E, 0x69, 0x69, 
0x64, 0x3A, 0x42, 0x41, 0x44, 0x46, 0x31, 0x30, 0x44, 0x35, 0x31, 0x37, 0x39, 0x30, 0x31, 0x31, 
0x46, 0x31, 0x41, 0x37, 0x37, 0x41, 0x41, 0x43, 0x35, 0x44, 0x44, 0x41, 0x35, 0x43, 0x38, 0x31, 
0x44, 0x34, 0x22, 0x20, 0x73, 0x74, 0x52, 0x65, 0x66, 0x3A, 0x64, 0x6F, 0x63, 0x75, 0x6D, 0x65, 
0x6E, 0x74, 0x49, 0x44, 0x3D, 0x22, 0x78, 0x6D, 0x70, 0x2E, 0x64, 0x69, 0x64, 0x3A, 0x42, 0x41, 
0x44, 0x46, 0x31, 0x30, 0x44, 0x36, 0x31, 0x37, 0x39, 0x30, 0x31, 0x31, 0x46, 0x31, 0x41, 0x37, 
0x37, 0x41, 0x41, 0x43, 0x35, 0x44, 0x44, 0x41, 0x35, 0x43, 0x38, 0x31, 0x44, 0x34, 0x22, 0x2F, 
0x3E, 0x20, 0x3C, 0x2F, 0x72, 0x64, 0x66, 0x3A, 0x44, 0x65, 0x73, 0x63, 0x72, 0x69, 0x70, 0x74, 
0x69, 0x6F, 0x6E, 0x3E, 0x20, 0x3C, 0x2F, 0x72, 0x64, 0x66, 0x3A, 0x52, 0x44, 0x46, 0x3E, 0x20, 
0x3C, 0x2F, 0x78, 0x3A, 0x78, 0x6D, 0x70, 0x6D, 0x65, 0x74, 0x61, 0x3E, 0x20, 0x3C, 0x3F, 0x78, 
0x70, 0x61, 0x63, 0x6B, 0x65, 0x74, 0x20, 0x65, 0x6E, 0x64, 0x3D, 0x22, 0x72, 0x22, 0x3F, 0x3E, 
0x01, 0xFF, 0xFE, 0xFD, 0xFC, 0xFB, 0xFA, 0xF9, 0xF8, 0xF7, 0xF6, 0xF5, 0xF4, 0xF3, 0xF2, 0xF1, 
0xF0, 0xEF, 0xEE, 0xED, 0xEC, 0xEB, 0xEA, 0xE9, 0xE8, 0xE7, 0xE6, 0xE5, 0xE4, 0xE3, 0xE2, 0xE1, 
0xE0, 0xDF, 0xDE, 0xDD, 0xDC, 0xDB, 0xDA, 0xD9, 0xD8, 0xD7, 0xD6, 0xD5, 0xD4, 0xD3, 0xD2, 0xD1, 
0xD0, 0xCF, 0xCE, 0xCD, 0xCC, 0xCB, 0xCA, 0xC9, 0xC8, 0xC7, 0xC6, 0xC5, 0xC4, 0xC3, 0xC2, 0xC1, 
0xC0, 0xBF, 0xBE, 0xBD, 0xBC, 0xBB, 0xBA, 0xB9, 0xB8, 0xB7, 0xB6, 0xB5, 0xB4, 0xB3, 0xB2, 0xB1, 
0xB0, 0xAF, 0xAE, 0xAD, 0xAC, 0xAB, 0xAA, 0xA9, 0xA8, 0xA7, 0xA6, 0xA5, 0xA4, 0xA3, 0xA2, 0xA1, 
0xA0, 0x9F, 0x9E, 0x9D, 0x9C, 0x9B, 0x9A, 0x99, 0x98, 0x97, 0x96, 0x95, 0x94, 0x93, 0x92, 0x91, 
0x90, 0x8F, 0x8E, 0x8D, 0x8C, 0x8B, 0x8A, 0x89, 0x88, 0x87, 0x86, 0x85, 0x84, 0x83, 0x82, 0x81, 
0x80, 0x7F, 0x7E, 0x7D, 0x7C, 0x7B, 0x7A, 0x79, 0x78, 0x77, 0x76, 0x75, 0x74, 0x73, 0x72, 0x71, 
0x70, 0x6F, 0x6E, 0x6D, 0x6C, 0x6B, 0x6A, 0x69, 0x68, 0x67, 0x66, 0x65, 0x64, 0x63, 0x62, 0x61, 
0x60, 0x5F, 0x5E, 0x5D, 0x5C, 0x5B, 0x5A, 0x59, 0x58, 0x57, 0x56, 0x55, 0x54, 0x53, 0x52, 0x51, 
0x50, 0x4F, 0x4E, 0x4D, 0x4C, 0x4B, 0x4A, 0x49, 0x48, 0x47, 0x46, 0x45, 0x44, 0x43, 0x42, 0x41, 
0x40, 0x3F, 0x3E, 0x3D, 0x3C, 0x3B, 0x3A, 0x39, 0x38, 0x37, 0x36, 0x35, 0x34, 0x33, 0x32, 0x31, 
0x30, 0x2F, 0x2E, 0x2D, 0x2C, 0x2B, 0x2A, 0x29, 0x28, 0x27, 0x26, 0x25, 0x24, 0x23, 0x22, 0x21, 
0x20, 0x1F, 0x1E, 0x1D, 0x1C, 0x1B, 0x1A, 0x19, 0x18, 0x17, 0x16, 0x15, 0x14, 0x13, 0x12, 0x11, 
0x10, 0x0F, 0x0E, 0x0D, 0x0C, 0x0B, 0x0A, 0x09, 0x08, 0x07, 0x06, 0x05, 0x04, 0x03, 0x02, 0x01, 
0x00, 0x00, 0x21, 0xF9, 0x04, 0x05, 0x0A, 0x00, 0x86, 0x00, 0x2C, 0x00, 0x00, 0x00, 0x00, 0x80, 
0x00, 0x40, 0x00, 0x00, 0x08, 0xFF, 0x00, 0x0B, 0x09, 0x1C, 0x48, 0xB0, 0xA0, 0xC1, 0x83, 0x08, 
0x13, 0x2A, 0x5C, 0xC8, 0xB0, 0xA1, 0xC3, 0x87, 0x10, 0x23, 0x4A, 0x9C, 0x48, 0xB1, 0xA2, 0xC5, 
0x8B, 0x18, 0x33, 0x6A, 0xDC, 0xC8, 0xB1, 0xA3, 0xC7, 0x8F, 0x20, 0x43, 0x8A, 0x1C, 0x49, 0xB2, 
0xA4, 0xC9, 0x93, 0x28, 0x53, 0xAA, 0x5C, 0xC9, 0xB2, 0xA5, 0xCB, 0x97, 0x30, 0x63, 0xCA, 0x9C, 
0x49, 0xB3, 0xA6, 0xCD, 0x9B, 0x38, 0x73, 0xEA, 0xDC, 0xC9, 0xB3, 0xA7, 0xCF, 0x9F, 0x40, 0x83, 
0x0A, 0x1D, 0xBA, 0x73, 0x90, 0xD1, 0xA3, 0x48, 0x8D, 0x9A, 0x4C, 0xCA, 0x74, 0x10, 0x50, 0x02, 
0x03, 0x02, 0x08, 0x98, 0x4A, 0xB5, 0x6A, 0x80, 0x01, 0x4E, 0x43, 0x0E, 0x8A, 0x5A, 0xB5, 0xAB, 
0x80, 0xAB, 0x04, 0x7A, 0x12, 0x58, 0x90, 0xA0, 0x80, 0x02, 0x03, 0x68, 0xD3, 0xA2, 0x55, 0x50, 
0x60, 0x42, 0x83, 0x01, 0x61, 0x3B, 0x42, 0x6D, 0x30, 0xC1, 0xAC, 0x5A, 0xB5, 0x6C, 0x13, 0x2C, 
0x88, 0x9B, 0x73, 0x2C, 0x06, 0x07, 0x07, 0x00, 0x08, 0x1E, 0x4C, 0x18, 0x01, 0x84, 0x02, 0x7A, 
0xF9, 0x66, 0x1C, 0x5B, 0x16, 0x02, 0x02, 0xC2, 0x90, 0x01, 0x1C, 0x70, 0x80, 0x61, 0x6F, 0xDF, 
0x05, 0x7F, 0x0F, 0x30, 0x20, 0xC4, 0xB9, 0xB3, 0x67, 0x42, 0x92, 0x1D, 0x24, 0x18, 0xC0, 0x71, 
0x40, 0x02, 0xC0, 0x00, 0x3E, 0xAB, 0x66, 0x30, 0xB9, 0xB2, 0xE2, 0x99, 0x7E, 0x01, 0x6F, 0x56, 
0xBD, 0xFA, 0x40, 0x81, 0x06, 0x59, 0x31, 0x0E, 0x6A, 0x50, 0x40, 0x33, 0xED, 0xDA, 0x94, 0x2D, 
0xD7, 0x34, 0x2D, 0xFB, 0x37, 0x6D, 0x00, 0x10, 0x26, 0x90, 0xCE, 0x38, 0x60, 0x02, 0x84, 0xD4, 
0xC6, 0x3F, 0xB3, 0x16, 0xBD, 0x7C, 0xE6, 0xA0, 0x00, 0xBD, 0x67, 0x47, 0xFF, 0x8C, 0xA0, 0x40, 
0x80, 0xDC, 0x15, 0xAF, 0x17, 0xFF, 0x40, 0xB0, 0xBD, 0xB6, 0x77, 0xF0, 0x30, 0x07, 0x09, 0x50, 
0x00, 0xBD, 0xBC, 0x67, 0x00, 0x0A, 0x04, 0xA0, 0x9F, 0xA8, 0x9E, 0xBD, 0xFB, 0xCF, 0xF0, 0xE5, 
0xD3, 0x54, 0x6F, 0xA0, 0xFD, 0x7D, 0xD0, 0x06, 0xE8, 0x77, 0x11, 0x7F, 0xFE, 0xDD, 0x07, 0x40, 
0x80, 0xF3, 0xB9, 0x44, 0xE0, 0x7F, 0x9D, 0x1D, 0x28, 0xA0, 0x45, 0x0B, 0x32, 0x08, 0xE0, 0x83, 
0x31, 0x45, 0xC8, 0xA0, 0x83, 0x09, 0x46, 0x64, 0xE1, 0x7F, 0x18, 0xEE, 0x27, 0x40, 0x7F, 0x12, 
0x4E, 0x98, 0x21, 0x44, 0x1B, 0x1A, 0x88, 0xA0, 0x87, 0x20, 0x4A, 0xD8, 0xE1, 0x80, 0x1F, 0x16, 
0xE8, 0xDE, 0x8A, 0x32, 0x95, 0xF8, 0xE2, 0x89, 0x2C, 0xA6, 0x78, 0x21, 0x8D, 0x31, 0xB6, 0x18, 
0x62, 0x7E, 0x23, 0x3E, 0x54, 0x9F, 0x8B, 0xE5, 0xC1, 0x58, 0xA1, 0x8E, 0x12, 0x76, 0xF7, 0x9D, 
0x6E, 0xD8, 0x91, 0xA7, 0x22, 0x8E, 0x43, 0xDA, 0x68, 0x60, 0x04, 0x0F, 0x54, 0x77, 0xD1, 0x00, 
0x0F, 0x44, 0x00, 0x64, 0x74, 0x42, 0xA6, 0x47, 0x24, 0x87, 0x06, 0x54, 0xD0, 0x23, 0x89, 0x15, 
0x38, 0x39, 0x23, 0x85, 0x5A, 0x8A, 0x19, 0x64, 0x97, 0x5F, 0xFA, 0x18, 0xE6, 0x95, 0xC6, 0x65, 
0xF9, 0xD2, 0x8F, 0x2A, 0x42, 0x29, 0xA5, 0x45, 0x54, 0x5A, 0xA9, 0x62, 0x7C, 0x69, 0xA2, 0x24, 
0x9E, 0x92, 0x0C, 0x1A, 0x99, 0xE7, 0x42, 0x7B, 0x86, 0xE8, 0xE7, 0x70, 0x55, 0xB2, 0xF9, 0x1B, 
0x8F, 0xBA, 0xAD, 0x67, 0xE8, 0x71, 0x72, 0xDA, 0x34, 0xC8, 0x9A, 0x4B, 0x92, 0x49, 0xDF, 0x96, 
0x26, 0x7A, 0xE9, 0x28, 0xA5, 0x63, 0xE6, 0x86, 0x94, 0x42, 0x9B, 0x0A, 0x24, 0xE3, 0x76, 0x6E, 
0x6A, 0x69, 0xDF, 0x85, 0x78, 0x16, 0x02, 0x95, 0x54, 0x5F, 0x61, 0x65, 0xD0, 0xA9, 0x53, 0x81, 
0x55, 0x08, 0x9C, 0xA4, 0x4A, 0xFF, 0x9A, 0x5E, 0x92, 0x45, 0x9E, 0x57, 0x88, 0x69, 0x66, 0xB1, 
0xE5, 0x96, 0xAA, 0xAF, 0x0E, 0x42, 0x56, 0xAE, 0x88, 0x91, 0x16, 0x68, 0x9F, 0xB6, 0xDA, 0xD4, 
0xDC, 0x73, 0x1C, 0x36, 0x2A, 0x5E, 0x60, 0x00, 0x18, 0xC6, 0xC1, 0xAE, 0x51, 0x55, 0xF0, 0x80, 
0x08, 0xCC, 0xDA, 0x76, 0x64, 0x9D, 0x8B, 0xBE, 0x97, 0xDC, 0x9C, 0xD6, 0xF1, 0xE6, 0xDB, 0x8B, 
0x0A, 0x58, 0x0A, 0x2B, 0x68, 0xCE, 0xBE, 0xF0, 0x82, 0x59, 0x11, 0x20, 0x30, 0x1B, 0xA2, 0x8F, 
0x8E, 0x5A, 0x1E, 0x6B, 0xB7, 0xFD, 0xB9, 0x12, 0x71, 0x81, 0x05, 0x69, 0xAD, 0x53, 0xE3, 0x72, 
0xD6, 0x6C, 0x04, 0xE9, 0x0A, 0xF6, 0x5E, 0xA9, 0xCB, 0x66, 0x1B, 0xDA, 0x68, 0x3A, 0x31, 0x56, 
0x80, 0x63, 0x84, 0xBD, 0xD7, 0xEC, 0x61, 0x04, 0xBF, 0x8A, 0xDD, 0xB7, 0x0A, 0x9B, 0x77, 0xE4, 
0xAD, 0x8D, 0x3D, 0xE6, 0x5F, 0x61, 0x0C, 0x0B, 0xD7, 0xD7, 0x00, 0x74, 0xD9, 0x65, 0x40, 0xBF, 
0xFB, 0xEA, 0xFA, 0x16, 0x5F, 0xF4, 0x6A, 0x67, 0xDC, 0x74, 0x0D, 0x9B, 0xCA, 0x71, 0x5D, 0x0A, 
0x80, 0x8C, 0x40, 0x04, 0x6B, 0xB5, 0x35, 0xB2, 0x4F, 0x5B, 0xA1, 0x2A, 0x2D, 0xB0, 0x0F, 0x54, 
0x70, 0x15, 0x7A, 0xB1, 0x41, 0x7C, 0x5C, 0x6B, 0x1A, 0x7B, 0x1A, 0xED, 0x03, 0x38, 0x57, 0xD0, 
0x2A, 0xAF, 0x40, 0x21, 0xC5, 0x55, 0xAA, 0x4A, 0x1D, 0xD4, 0x73, 0x64, 0x83, 0x19, 0x86, 0x58, 
0xD0, 0x04, 0x19, 0xB5, 0xF4, 0xCE, 0x47, 0x11, 0x55, 0x50, 0xA7, 0x0A, 0x19, 0x7C, 0xD6, 0x5D, 
0x06, 0x88, 0x0C, 0x17, 0x43, 0x5C, 0x6B, 0x7D, 0x11, 0xAB, 0x5E, 0x1D, 0x2D, 0xAF, 0xD9, 0x1E, 
0x35, 0x55, 0x36, 0xDB, 0x70, 0xC7, 0x2D, 0xF7, 0xDC, 0x74, 0xD7, 0x6D, 0xF7, 0xDD, 0x78, 0xE7, 
0xAD, 0xF7, 0xDE, 0x7C, 0xF7, 0x03, 0x5D, 0x52, 0x40, 0x00, 0x21, 0xF9, 0x04, 0x05, 0x0A, 0x00, 
0x86, 0x00, 0x2C, 0x16, 0x00, 0x12, 0x00, 0x53, 0x00, 0x27, 0x00, 0x00, 0x08, 0xFF, 0x00, 0x0B, 
0x09, 0x1C, 0x48, 0xB0, 0xA0, 0xC1, 0x83, 0x08, 0x13, 0x2A, 0x5C, 0xC8, 0xB0, 0xA1, 0xC3, 0x87, 
0x10, 0x19, 0x0E, 0x9A, 0x48, 0x31, 0xA2, 0xC5, 0x8B, 0x18, 0x27, 0x0E, 0x08, 0x20, 0xA0, 0xA3, 
0x80, 0x00, 0x03, 0x2A, 0x62, 0x14, 0x48, 0x60, 0xA4, 0xC9, 0x42, 0x83, 0x36, 0x56, 0x78, 0x50, 
0x40, 0x81, 0x01, 0x03, 0x0A, 0x0A, 0x3C, 0xA8, 0xF0, 0x71, 0x40, 0x49, 0x87, 0x14, 0x35, 0x86, 
0x08, 0x39, 0xF1, 0xE4, 0x43, 0x02, 0x03, 0x1A, 0x4C, 0x68, 0x19, 0x01, 0x01, 0x80, 0xA3, 0x00, 
0x10, 0x44, 0x80, 0x59, 0x20, 0xC1, 0x82, 0x9B, 0x0A, 0x53, 0x72, 0xEC, 0x58, 0x41, 0xC5, 0x08, 
0x15, 0x34, 0x41, 0x0E, 0xF2, 0xC9, 0x70, 0x40, 0x82, 0x02, 0x10, 0x8C, 0x02, 0x20, 0x44, 0xB6, 
0x2C, 0xD2, 0x03, 0x0E, 0x30, 0x3C, 0x4D, 0x08, 0x54, 0x68, 0xCB, 0x97, 0x06, 0x22, 0x90, 0x59, 
0x1A, 0x73, 0x42, 0x03, 0x9B, 0x5C, 0x11, 0x0E, 0x6A, 0x50, 0xE0, 0xC0, 0xD8, 0xB2, 0x80, 0x01, 
0x33, 0x40, 0xAB, 0x16, 0x2A, 0x41, 0x02, 0x0B, 0xBE, 0x86, 0x45, 0x7A, 0x94, 0x01, 0x52, 0x04, 
0x10, 0x9A, 0x0E, 0xC8, 0x7B, 0x70, 0xC0, 0x04, 0x08, 0x7F, 0x03, 0x6B, 0x26, 0x34, 0xD8, 0x41, 
0x82, 0xC9, 0x05, 0x11, 0x63, 0x70, 0xE0, 0x77, 0x33, 0x60, 0x00, 0x07, 0x0A, 0x34, 0xD8, 0x4A, 
0x79, 0xE0, 0xA0, 0x00, 0x05, 0x10, 0x98, 0x36, 0x3D, 0x58, 0x35, 0x6B, 0x92, 0x0B, 0x46, 0x1F, 
0x60, 0x30, 0xFB, 0x34, 0x84, 0x09, 0xA0, 0x5B, 0xA3, 0x14, 0xA0, 0x20, 0x73, 0x6F, 0xDF, 0xC0, 
0x09, 0x7A, 0x25, 0xCD, 0xFB, 0x78, 0x59, 0x04, 0x1C, 0x56, 0x0B, 0x1F, 0x6E, 0xC0, 0xB8, 0x73, 
0xB2, 0xD0, 0xA5, 0xA3, 0x84, 0xBD, 0xFB, 0xBA, 0xD9, 0xDF, 0xC1, 0x29, 0x0F, 0xFF, 0x12, 0x50, 
0xDD, 0x3B, 0x72, 0xD0, 0x83, 0x2A, 0x14, 0x37, 0xFF, 0xBC, 0x40, 0x80, 0xDB, 0x79, 0xC7, 0x97, 
0x67, 0x8F, 0xDD, 0xFD, 0xD6, 0x01, 0x0F, 0x22, 0x58, 0xBF, 0x0E, 0x40, 0x81, 0x00, 0xF8, 0x5C, 
0xC9, 0xB7, 0x1F, 0x7F, 0xFE, 0x4D, 0x04, 0x9B, 0x6C, 0xF4, 0x11, 0x02, 0x80, 0x01, 0xFF, 0x09, 
0x27, 0x60, 0x82, 0x0A, 0x32, 0x38, 0x11, 0x71, 0x03, 0x3A, 0xB7, 0x60, 0x83, 0xAD, 0x3D, 0x98, 
0xE0, 0x85, 0x13, 0xCE, 0x47, 0x1F, 0x87, 0x0E, 0x92, 0x57, 0xE1, 0x71, 0x1C, 0x6A, 0xF8, 0xA1, 
0x84, 0x21, 0x7A, 0xC8, 0x5E, 0x89, 0x22, 0x42, 0x08, 0x62, 0x86, 0x2D, 0x6E, 0x28, 0xE1, 0x78, 
0xEB, 0xC9, 0x88, 0xA1, 0x78, 0x31, 0x9E, 0xF8, 0xDF, 0x6B, 0xB1, 0xB9, 0x88, 0x22, 0x8C, 0x2A, 
0x9A, 0x07, 0x22, 0x7E, 0xFA, 0xD9, 0x08, 0xA0, 0x4F, 0x26, 0xAE, 0x58, 0x20, 0x4A, 0x15, 0x04, 
0xC9, 0xDF, 0x8F, 0x38, 0x3A, 0x79, 0x1D, 0x02, 0xF6, 0x51, 0x37, 0xE2, 0x6C, 0x2F, 0x8A, 0xD7, 
0xE4, 0x95, 0xA6, 0x01, 0x10, 0xC1, 0x03, 0xE8, 0xE5, 0x28, 0xA4, 0x01, 0x15, 0x1C, 0x99, 0x53, 
0x54, 0x22, 0x0D, 0x44, 0x24, 0x97, 0x9B, 0x2D, 0x58, 0xA6, 0x40, 0x34, 0xB2, 0xA9, 0x99, 0x97, 
0x60, 0x1E, 0xB6, 0x51, 0x47, 0x5A, 0x19, 0x04, 0xD4, 0x54, 0x20, 0xDD, 0xF4, 0x1A, 0x05, 0x08, 
0x7E, 0xB8, 0xE4, 0x76, 0x3D, 0x26, 0x48, 0xE5, 0x7B, 0x6A, 0x7E, 0xA5, 0x40, 0x5D, 0x77, 0xB1, 
0x36, 0x51, 0x62, 0x2D, 0xC5, 0xF4, 0x19, 0x9C, 0x01, 0x00, 0x0A, 0xE1, 0xA1, 0xB7, 0xAD, 0xB9, 
0xE1, 0xA0, 0x3C, 0xFA, 0x95, 0x14, 0x04, 0x1C, 0xD8, 0x35, 0x80, 0x4A, 0x0F, 0x88, 0xE0, 0x69, 
0x6A, 0x88, 0x16, 0xA2, 0xE9, 0x8A, 0x5F, 0x86, 0x97, 0x5E, 0x8D, 0x4A, 0x62, 0xDD, 0x18, 0xA7, 
0x59, 0x90, 0x71, 0xF0, 0xC2, 0x0B, 0x44, 0x21, 0xD0, 0x5C, 0x7F, 0xB2, 0x6E, 0x29, 0xE8, 0x9B, 
0xAE, 0x1D, 0x68, 0x68, 0x95, 0xC3, 0xC1, 0x4A, 0x56, 0x52, 0x11, 0x14, 0x75, 0xD4, 0x69, 0x9C, 
0x52, 0x48, 0x1F, 0xA6, 0x05, 0x59, 0x86, 0xD9, 0x8A, 0xE0, 0x05, 0xDB, 0x57, 0x73, 0xA7, 0xED, 
0x57, 0x5B, 0xAA, 0x9D, 0x62, 0x6B, 0x61, 0xB5, 0x05, 0xED, 0x75, 0xAD, 0x77, 0xB5, 0x69, 0x27, 
0xD0, 0x72, 0xDD, 0x1D, 0xD7, 0xD9, 0xA4, 0x89, 0x32, 0x77, 0x5D, 0xB9, 0x47, 0xAA, 0x9A, 0x80, 
0xBB, 0xEA, 0xA2, 0xC5, 0xEE, 0x40, 0xA2, 0xD1, 0xDB, 0x25, 0x61, 0x6B, 0xE1, 0x9B, 0x1B, 0x69, 
0xCB, 0x62, 0x69, 0x6F, 0x78, 0x87, 0xFD, 0x9B, 0xEE, 0xBE, 0x69, 0xF5, 0x5B, 0xB0, 0x6E, 0x8C, 
0x35, 0x0C, 0x59, 0x53, 0x0A, 0xFB, 0xAB, 0xA8, 0xB2, 0xC6, 0x1D, 0xF5, 0xB0, 0x53, 0x86, 0x85, 
0x66, 0x30, 0x52, 0x66, 0x59, 0x1C, 0x19, 0xC6, 0x08, 0x21, 0xA6, 0x28, 0x5C, 0x24, 0x33, 0x8A, 
0xD7, 0x41, 0x7B, 0xAE, 0x94, 0xAB, 0xC5, 0x11, 0x98, 0x9C, 0xB1, 0x9E, 0x90, 0xBA, 0xA4, 0xAC, 
0x52, 0x4C, 0x89, 0xFA, 0xB2, 0x9D, 0x53, 0x79, 0xA4, 0x73, 0x9E, 0x0B, 0x69, 0x14, 0x80, 0xCA, 
0x8B, 0xCA, 0x54, 0x01, 0xCF, 0x0C, 0xED, 0x29, 0x80, 0xCA, 0x16, 0x08, 0x5D, 0x53, 0xBC, 0x07, 
0xE5, 0xE4, 0x74, 0x4F, 0x10, 0xF9, 0x8C, 0x27, 0x4F, 0x16, 0x51, 0x74, 0xA7, 0x56, 0x50, 0x4F, 
0xF7, 0xD0, 0x99, 0x48, 0x66, 0xAD, 0xF5, 0xD7, 0x85, 0x04, 0x04, 0x00, 0x21, 0xF9, 0x04, 0x05, 
0x0A, 0x00, 0x86, 0x00, 0x2C, 0x16, 0x00, 0x13, 0x00, 0x53, 0x00, 0x2D, 0x00, 0x00, 0x08, 0xFF, 
0x00, 0x0B, 0x09, 0x1C, 0x48, 0xB0, 0xA0, 0xC1, 0x83, 0x08, 0x13, 0x2A, 0x5C, 0xC8, 0xB0, 0xA1, 
0xC3, 0x87, 0x10, 0x23, 0x4A, 0x9C, 0x48, 0xB1, 0xA2, 0xC5, 0x8B, 0x18, 0x33, 0x6A, 0xDC, 0xC8, 
0xB1, 0xA3, 0xC7, 0x8F, 0x20, 0x43, 0x8A, 0x1C, 0x49, 0xB2, 0xA4, 0xC9, 0x93, 0x28, 0x53, 0xAA, 
0x5C, 0xC9, 0xB2, 0xA5, 0xCB, 0x97, 0x30, 0x63, 0xCA, 0x9C, 0x49, 0xB3, 0xA6, 0xCD, 0x9B, 0x38, 
0x73, 0xEA, 0xDC, 0xC9, 0x33, 0xE2, 0xA0, 0x9F, 0x83, 0x44, 0x02, 0x0D, 0x6A, 0x72, 0xD0, 0x80, 
0x00, 0x02, 0x04, 0x04, 0x18, 0x40, 0x94, 0xE0, 0x50, 0x85, 0x4F, 0x0B, 0x1A, 0x45, 0xAA, 0x94, 
0xE9, 0x48, 0xA3, 0x0D, 0x26, 0x14, 0x50, 0xA0, 0xA0, 0xC0, 0x84, 0x06, 0x03, 0x08, 0x08, 0x24, 
0x70, 0x34, 0xE9, 0xD2, 0xA6, 0x03, 0xC9, 0x52, 0x5D, 0x2A, 0xB6, 0x10, 0xD9, 0xAC, 0x5B, 0xBB, 
0x7E, 0xB5, 0xEA, 0xF1, 0xED, 0x04, 0x0E, 0x10, 0x10, 0x00, 0x00, 0x80, 0x00, 0x42, 0x81, 0x04, 
0x0B, 0xC4, 0x0E, 0x48, 0x10, 0xD7, 0x2B, 0x58, 0xA2, 0x3F, 0x17, 0x10, 0xE6, 0xFA, 0x77, 0x80, 
0x5B, 0xC5, 0x05, 0xF2, 0xEE, 0xED, 0xCB, 0x61, 0x6E, 0x5B, 0x8D, 0x83, 0x20, 0x4B, 0x26, 0xC4, 
0x99, 0x10, 0x80, 0x03, 0x0E, 0x12, 0x30, 0x0D, 0x50, 0xE0, 0xC0, 0x64, 0x08, 0x95, 0xC1, 0x1E, 
0xAD, 0xF0, 0x40, 0x84, 0xE9, 0xCF, 0x05, 0x02, 0x18, 0x4D, 0xE0, 0xC0, 0x74, 0x67, 0xCF, 0x7D, 
0xFF, 0x2E, 0x40, 0x5B, 0xF1, 0x6D, 0x6B, 0xDB, 0xB7, 0x39, 0x33, 0x38, 0x10, 0xBB, 0x84, 0x00, 
0x05, 0x00, 0x3A, 0xF3, 0x45, 0xFD, 0xE2, 0xC5, 0xD6, 0x08, 0x08, 0x18, 0x70, 0x06, 0xA0, 0x40, 
0x40, 0x09, 0xD2, 0x07, 0xA4, 0x07, 0xF7, 0x7C, 0x40, 0xC4, 0x03, 0xB0, 0x97, 0x27, 0x66, 0xFF, 
0x26, 0x9C, 0x57, 0xFB, 0x76, 0xCF, 0xD5, 0x6F, 0x1C, 0x4F, 0x7E, 0x9B, 0x6F, 0x04, 0xE8, 0x7B, 
0xDB, 0xA7, 0x5F, 0x7F, 0x5E, 0x78, 0x6E, 0xC0, 0xBC, 0x1D, 0xFA, 0x76, 0xCD, 0xBE, 0xBE, 0x67, 
0x03, 0xD6, 0x61, 0x67, 0x9E, 0x72, 0xFD, 0x75, 0x36, 0x5C, 0x71, 0x02, 0x18, 0x50, 0xE0, 0x79, 
0x9F, 0x79, 0x07, 0x1E, 0x44, 0xE3, 0x45, 0x16, 0x9D, 0x7F, 0xCA, 0x01, 0x38, 0x5B, 0x6D, 0x03, 
0xD6, 0x37, 0x5C, 0x68, 0x4C, 0x25, 0xB8, 0xE0, 0x79, 0x0C, 0xDC, 0xB7, 0x5B, 0x43, 0xFB, 0x01, 
0x47, 0xE1, 0x74, 0x16, 0x12, 0xB0, 0x00, 0x06, 0x18, 0x52, 0xF8, 0x99, 0x03, 0x18, 0x04, 0x36, 
0x88, 0x87, 0x27, 0x2A, 0xD7, 0xDD, 0x77, 0x61, 0x29, 0xA4, 0x22, 0x79, 0x13, 0xD6, 0x38, 0x5D, 
0x75, 0x41, 0xA9, 0xC8, 0xE2, 0x6B, 0x7B, 0x15, 0x79, 0x9A, 0x6E, 0x62, 0xCD, 0x88, 0x9C, 0x8F, 
0xF6, 0xF9, 0x05, 0x58, 0x78, 0x04, 0x09, 0x59, 0xDB, 0x87, 0x27, 0x22, 0x10, 0x1B, 0x51, 0x3B, 
0x6E, 0x65, 0xC0, 0x96, 0x5C, 0x1A, 0x20, 0xD7, 0x83, 0x85, 0x0C, 0x42, 0x1A, 0x02, 0x4C, 0xDA, 
0x08, 0x63, 0x60, 0x07, 0x0D, 0xD6, 0x62, 0x99, 0x9E, 0x41, 0x30, 0x81, 0x63, 0x69, 0x95, 0x95, 
0xD4, 0x9C, 0x73, 0x9E, 0x55, 0xD0, 0x00, 0x13, 0x40, 0x40, 0x25, 0x85, 0x1B, 0x8A, 0x66, 0xD0, 
0x20, 0x0D, 0x94, 0x96, 0x61, 0x8D, 0x07, 0x36, 0x90, 0xDF, 0x50, 0x88, 0xFE, 0x74, 0x10, 0xA0, 
0x82, 0xB2, 0x49, 0x48, 0xA1, 0xBC, 0xE1, 0xA9, 0xA7, 0xA3, 0x7D, 0xC2, 0x89, 0x91, 0x9A, 0xD9, 
0x39, 0x0A, 0x80, 0x9B, 0x96, 0x86, 0xD9, 0x00, 0x07, 0x64, 0xB2, 0xB9, 0x61, 0x8C, 0x50, 0xF6, 
0xB6, 0xE2, 0x9A, 0x65, 0x22, 0xC0, 0x81, 0xA1, 0x03, 0x49, 0xBA, 0x67, 0x7D, 0x2F, 0x92, 0x6B, 
0xCA, 0x91, 0x94, 0x26, 0xFA, 0xB8, 0xE9, 0x9B, 0x02, 0x89, 0x59, 0x40, 0xA8, 0x3E, 0x86, 0xE8, 
0x24, 0x9A, 0x1D, 0x65, 0x59, 0x5E, 0xAA, 0x57, 0x86, 0x49, 0x9F, 0xAD, 0x37, 0x82, 0x59, 0xD7, 
0x00, 0x0D, 0xFC, 0xF6, 0x6A, 0x70, 0xD4, 0x09, 0x10, 0xD4, 0x8C, 0x0A, 0x12, 0x2A, 0x62, 0x7E, 
0x1E, 0x45, 0x38, 0xEC, 0x89, 0x00, 0x58, 0x68, 0xEC, 0x92, 0x7C, 0x26, 0x9B, 0x63, 0x49, 0x25, 
0x0E, 0x0A, 0x2D, 0x90, 0x61, 0x92, 0xB6, 0x81, 0x91, 0xEC, 0xEE, 0x05, 0x5A, 0x8C, 0xD8, 0x5E, 
0x75, 0x2A, 0x91, 0xED, 0xEE, 0xB5, 0x41, 0xB1, 0x85, 0x0C, 0xA6, 0x65, 0x97, 0x5D, 0x76, 0xF5, 
0x24, 0x4B, 0x59, 0x2A, 0xC0, 0x6F, 0xBF, 0x8D, 0x15, 0x12, 0x10, 0x00, 0x21, 0xF9, 0x04, 0x05, 
0x0A, 0x00, 0x86, 0x00, 0x2C, 0x17, 0x00, 0x29, 0x00, 0x52, 0x00, 0x17, 0x00, 0x00, 0x08, 0xFF, 
0x00, 0x0D, 0x09, 0x1C, 0x48, 0xB0, 0x60, 0xC1, 0x42, 0x08, 0x0B, 0x19, 0x5C, 0xC8, 0xB0, 0x21, 
0xC1, 0x84, 0x0A, 0x1D, 0x4A, 0x9C, 0xF8, 0x10, 0x62, 0x42, 0x8A, 0x18, 0x07, 0x5A, 0xBC, 0x98, 
0xB1, 0xA3, 0xC0, 0x8D, 0x1B, 0x3D, 0x36, 0x04, 0x69, 0x51, 0xE4, 0x44, 0x92, 0x08, 0x07, 0xA9, 
0x54, 0x49, 0xC0, 0xE4, 0x40, 0x02, 0x2B, 0x55, 0xA2, 0x8C, 0xE8, 0xF2, 0x20, 0xC9, 0x41, 0x03, 
0x02, 0x08, 0xD8, 0x19, 0x60, 0x41, 0x03, 0x97, 0x0D, 0x16, 0xE8, 0xE4, 0x39, 0x60, 0x10, 0xCA, 
0x9A, 0x1A, 0x49, 0x12, 0x18, 0xD0, 0x60, 0x42, 0x01, 0x05, 0x06, 0x14, 0x14, 0xF8, 0xE1, 0xC3, 
0xA5, 0x8F, 0x1F, 0x4F, 0xA3, 0x16, 0x98, 0xD0, 0x60, 0x00, 0x81, 0xA3, 0x2E, 0x51, 0x12, 0x58, 
0x90, 0xA0, 0x00, 0x04, 0x04, 0x00, 0x0C, 0x01, 0x38, 0xB0, 0xE2, 0x84, 0x01, 0x91, 0x06, 0x4E, 
0xAC, 0x38, 0x90, 0x16, 0x00, 0x02, 0x08, 0x05, 0x12, 0x2C, 0x30, 0x4A, 0x52, 0xE4, 0xCC, 0xB1, 
0x18, 0x1C, 0xD0, 0x15, 0x48, 0x88, 0x10, 0x80, 0xB8, 0x2B, 0x44, 0xB6, 0x35, 0x00, 0xA0, 0xB0, 
0xC0, 0xB5, 0x22, 0x1E, 0x74, 0xFD, 0xDA, 0x17, 0xE3, 0xDF, 0x05, 0x81, 0x0F, 0x30, 0x18, 0x58, 
0xF8, 0xF0, 0x55, 0x91, 0x54, 0x19, 0x3B, 0x16, 0xC8, 0xE0, 0x6E, 0xDE, 0x05, 0x94, 0x41, 0x9E, 
0xBC, 0x9C, 0x79, 0x33, 0x67, 0xC3, 0x06, 0x2A, 0x74, 0x11, 0xD9, 0xA5, 0x82, 0x68, 0x42, 0x05, 
0xD7, 0x3A, 0xC0, 0x80, 0x7A, 0xE6, 0x48, 0xD6, 0x82, 0x5D, 0xBF, 0x06, 0xA0, 0x40, 0xC0, 0x20, 
0x91, 0x83, 0x04, 0x28, 0x68, 0x8C, 0xBB, 0x20, 0x83, 0x03, 0xBB, 0x7B, 0x83, 0xB5, 0x29, 0x16, 
0x73, 0x70, 0x83, 0x84, 0x9E, 0x17, 0x08, 0x70, 0xDC, 0xE3, 0xA0, 0x00, 0x05, 0x34, 0x37, 0xE8, 
0x77, 0x0E, 0x9D, 0x77, 0x6A, 0xD5, 0xD4, 0x41, 0x02, 0xBE, 0x5E, 0x30, 0x3B, 0xF4, 0x04, 0x03, 
0x5C, 0x0E, 0x48, 0x10, 0x7C, 0x3C, 0xC1, 0xE7, 0xD1, 0xCF, 0x97, 0xAC, 0xA8, 0xD4, 0xBA, 0x66, 
0xEC, 0xBA, 0x99, 0xE7, 0xD2, 0x7A, 0x74, 0xD9, 0x37, 0x10, 0x7E, 0xE6, 0x4D, 0x67, 0x08, 0x4A, 
0x83, 0xF8, 0x27, 0x1C, 0x41, 0xA6, 0xE9, 0xD5, 0x52, 0x4D, 0x63, 0x95, 0x75, 0x16, 0x43, 0x08, 
0x4A, 0x17, 0xD2, 0x47, 0xEA, 0x31, 0xF5, 0x80, 0x08, 0xFF, 0xE5, 0x66, 0x48, 0x64, 0x93, 0x21, 
0x25, 0xD0, 0x52, 0x0D, 0x7C, 0xA8, 0xD6, 0x42, 0x19, 0xEA, 0xC7, 0x91, 0x7A, 0x64, 0x99, 0x85, 
0xC0, 0x83, 0x6A, 0x45, 0x68, 0x48, 0x77, 0x26, 0x0E, 0x74, 0x9C, 0x85, 0x68, 0x19, 0xD4, 0xA2, 
0x6A, 0x30, 0x66, 0x96, 0xD6, 0x7D, 0x77, 0x71, 0xC0, 0x55, 0x7C, 0x39, 0x2E, 0xC4, 0xD4, 0x04, 
0x1C, 0x9C, 0x45, 0xE3, 0x8F, 0x33, 0xA5, 0xE4, 0x20, 0x79, 0x24, 0x16, 0x45, 0x53, 0x92, 0x0F, 
0xE1, 0x94, 0x22, 0x88, 0x4F, 0x96, 0xB7, 0x57, 0x94, 0x12, 0x6C, 0x19, 0x22, 0x41, 0x5E, 0x1A, 
0x85, 0xA5, 0x43, 0x85, 0x34, 0x98, 0x99, 0x8F, 0x07, 0x90, 0x28, 0x01, 0x83, 0x0D, 0xE8, 0xD0, 
0xC1, 0x8C, 0x0B, 0xE5, 0x77, 0xE5, 0x99, 0x0B, 0x15, 0xB2, 0x1E, 0x8B, 0x08, 0x74, 0xA0, 0x43, 
0x03, 0x7C, 0x6D, 0x34, 0x80, 0x0A, 0x5A, 0x90, 0x20, 0xD1, 0x84, 0x78, 0x4E, 0x84, 0x28, 0x43, 
0x24, 0x68, 0xA1, 0xC2, 0x00, 0x10, 0x2D, 0xA8, 0x67, 0x08, 0x61, 0x38, 0x91, 0xE8, 0xA5, 0x0D, 
0x39, 0x11, 0x46, 0x08, 0x94, 0x19, 0x12, 0x10, 0x00, 0x21, 0xF9, 0x04, 0x05, 0x0A, 0x00, 0x86, 
0x00, 0x2C, 0x1A, 0x00, 0x2C, 0x00, 0x4C, 0x00, 0x14, 0x00, 0x00, 0x08, 0xFF, 0x00, 0x0D, 0x09, 
0x1C, 0x48, 0xB0, 0xA0, 0xC1, 0x42, 0x08, 0x13, 0x1A, 0x5C, 0xC8, 0xD0, 0x90, 0xC2, 0x86, 0x10, 
0x23, 0x4A, 0x34, 0x34, 0xA8, 0x62, 0xC5, 0x42, 0x83, 0x02, 0x4C, 0x5C, 0x18, 0x60, 0x10, 0x81, 
0x01, 0x1A, 0x37, 0x8A, 0x94, 0x18, 0x40, 0x80, 0x49, 0x01, 0x01, 0x24, 0x0C, 0x12, 0x30, 0x92, 
0xA0, 0x80, 0x41, 0x0B, 0x12, 0x14, 0xB0, 0xD0, 0xB2, 0xE6, 0x42, 0x05, 0x06, 0x0C, 0x5C, 0xD0, 
0xD0, 0xE0, 0x86, 0x00, 0x05, 0x35, 0x15, 0x08, 0x88, 0xE9, 0xE0, 0x80, 0x41, 0x02, 0x36, 0x6B, 
0x02, 0x00, 0x60, 0xA2, 0xC3, 0x84, 0x05, 0x01, 0x0A, 0xD4, 0x2C, 0x80, 0x02, 0x45, 0x81, 0x03, 
0x0C, 0x08, 0x3A, 0xC0, 0xB0, 0x80, 0x40, 0xA1, 0xA4, 0x35, 0x11, 0x14, 0x08, 0x10, 0xB3, 0x66, 
0x82, 0x05, 0x3F, 0x01, 0x14, 0x3C, 0xB0, 0xB5, 0xEB, 0x57, 0xB0, 0x22, 0x01, 0x08, 0x85, 0x59, 
0x73, 0xC1, 0x4A, 0x03, 0x6A, 0x09, 0x32, 0x60, 0x9B, 0x60, 0x00, 0x42, 0xB8, 0x1B, 0xE5, 0xBE, 
0x44, 0xDA, 0x92, 0xC0, 0xDD, 0xBC, 0x7A, 0x0F, 0x14, 0x68, 0x30, 0xE8, 0x2F, 0xE0, 0x88, 0x62, 
0x3B, 0xBE, 0x1D, 0x89, 0x31, 0xED, 0x42, 0x00, 0x10, 0x1E, 0xB8, 0x9D, 0xFC, 0xD8, 0x20, 0xE6, 
0x09, 0x7E, 0x93, 0x66, 0x94, 0xCA, 0x10, 0x81, 0x08, 0xAE, 0x8D, 0x39, 0x6F, 0x1C, 0xB4, 0x71, 
0x71, 0xE3, 0xA4, 0x85, 0x06, 0x24, 0x68, 0xB8, 0x57, 0xC4, 0x83, 0x06, 0x03, 0xBC, 0x8A, 0x1C, 
0x34, 0xA0, 0xC1, 0x03, 0x11, 0x13, 0x43, 0x77, 0x66, 0xC8, 0x00, 0x01, 0x84, 0x02, 0x67, 0x5F, 
0x47, 0xFC, 0xD8, 0x60, 0x02, 0x07, 0x08, 0x08, 0x86, 0x77, 0x06, 0x70, 0xC0, 0x36, 0x6E, 0xD6, 
0x0D, 0x09, 0xC4, 0x2C, 0x00, 0x1D, 0x00, 0x21, 0xE9, 0x9D, 0x8B, 0x43, 0x4C, 0xE0, 0x30, 0x01, 
0x37, 0xE1, 0x82, 0xDA, 0x31, 0x14, 0xF5, 0x0E, 0x1E, 0x3C, 0x00, 0xE3, 0xC8, 0xBB, 0xA2, 0x5F, 
0xA0, 0x1E, 0xEB, 0xF7, 0xF6, 0xE0, 0x09, 0x51, 0x6F, 0x7B, 0x3E, 0x7D, 0x51, 0x06, 0xF7, 0xE1, 
0x97, 0xDF, 0x5E, 0xFC, 0x09, 0x24, 0xDB, 0x7F, 0x01, 0x0A, 0x38, 0x20, 0x5F, 0x03, 0x50, 0x14, 
0x00, 0x05, 0x33, 0x98, 0xA0, 0xE0, 0x84, 0x86, 0x98, 0x30, 0x03, 0x05, 0x1D, 0x65, 0x04, 0xC2, 
0x05, 0x14, 0x52, 0x78, 0x01, 0x08, 0x1D, 0x05, 0x04, 0x00, 0x21, 0xF9, 0x04, 0x05, 0x0A, 0x00, 
0x86, 0x00, 0x2C, 0x1A, 0x00, 0x09, 0x00, 0x4C, 0x00, 0x37, 0x00, 0x00, 0x08, 0xFF, 0x00, 0x0D, 
0x09, 0x1C, 0x48, 0xB0, 0xA0, 0xC1, 0x83, 0x83, 0x12, 0x0E, 0x3A, 0x58, 0x50, 0x21, 0xC3, 0x87, 
0x10, 0x23, 0x4A, 0x34, 0x28, 0x21, 0x80, 0x00, 0x01, 0x01, 0x24, 0x3C, 0x24, 0x30, 0xC0, 0x62, 
0xC6, 0x89, 0x20, 0x43, 0x4A, 0x1C, 0x14, 0x40, 0xC3, 0x85, 0x0B, 0x1A, 0x1A, 0x2C, 0x3C, 0x38, 
0x20, 0x41, 0x01, 0x0B, 0x1A, 0x02, 0xAC, 0x14, 0x49, 0xB3, 0xE6, 0x20, 0x01, 0x16, 0x3C, 0x98, 
0xE8, 0x30, 0x61, 0x00, 0xC2, 0x00, 0x05, 0x0E, 0x78, 0xB8, 0x20, 0x60, 0x66, 0xCD, 0xA3, 0x13, 
0x49, 0x16, 0x40, 0xC0, 0x00, 0x41, 0x01, 0x99, 0x06, 0x6F, 0x2A, 0x00, 0x00, 0x40, 0x41, 0x51, 
0xA4, 0x58, 0x27, 0x0E, 0x98, 0x00, 0x81, 0xAA, 0x82, 0x0A, 0x46, 0x05, 0x0E, 0xAA, 0x60, 0x00, 
0x80, 0x53, 0xA8, 0x59, 0xD3, 0x32, 0x1C, 0xD4, 0x80, 0x03, 0x02, 0x00, 0x11, 0x1E, 0xF8, 0x2C, 
0x38, 0xE0, 0x41, 0x04, 0x13, 0x71, 0xE7, 0xAA, 0xDD, 0x4B, 0x97, 0xAB, 0x59, 0x0A, 0x68, 0xC5, 
0x06, 0xA0, 0xF0, 0xF6, 0x6B, 0x58, 0xBE, 0x7B, 0xD9, 0x16, 0xD8, 0xB0, 0x01, 0xB0, 0x51, 0x92, 
0x14, 0x18, 0x3F, 0x3D, 0x8C, 0x58, 0x6D, 0x4B, 0x0A, 0x14, 0x12, 0xE8, 0x1D, 0x78, 0x39, 0xF3, 
0xE6, 0xCA, 0x10, 0x13, 0x82, 0xE4, 0x18, 0x20, 0xC0, 0x00, 0x02, 0x06, 0x49, 0x9B, 0x46, 0x0D, 
0x1A, 0xA2, 0xEA, 0xD3, 0x20, 0x45, 0x3F, 0x94, 0xDD, 0x1A, 0x62, 0xE7, 0x04, 0x0B, 0x58, 0xD7, 
0xDE, 0x3D, 0x50, 0xE9, 0x86, 0x03, 0x0E, 0x30, 0xE4, 0xE6, 0x4D, 0xFC, 0xA6, 0x05, 0x00, 0x0C, 
0x80, 0x0B, 0xD7, 0x4D, 0x1C, 0xB4, 0xD2, 0x03, 0xC8, 0x95, 0x0F, 0x6F, 0xDE, 0xBA, 0x65, 0x01, 
0x08, 0x4C, 0x81, 0x7F, 0xC8, 0x40, 0xBD, 0x35, 0xC7, 0x06, 0x0F, 0x44, 0x1C, 0xFF, 0x30, 0x91, 
0x62, 0x44, 0x08, 0xE6, 0xDD, 0xF9, 0x0E, 0x5A, 0xE0, 0xD2, 0x42, 0x81, 0xED, 0xE9, 0x6B, 0x93, 
0xC6, 0x08, 0x3B, 0x7E, 0x6D, 0x87, 0xF6, 0xF3, 0xEB, 0xDF, 0xCF, 0xBF, 0xBF, 0xFF, 0xFF, 0x00, 
0x06, 0x28, 0xE0, 0x80, 0x6A, 0x29, 0x64, 0xE0, 0x81, 0x49, 0x1D, 0x48, 0x19, 0x75, 0x15, 0x5D, 
0xE4, 0xE0, 0x83, 0x18, 0x69, 0xB4, 0x51, 0x47, 0x10, 0x7E, 0x64, 0x1F, 0x49, 0x26, 0x19, 0xA0, 
0xE1, 0x86, 0x1A, 0xA2, 0x14, 0x98, 0x41, 0xD6, 0x29, 0xB0, 0xA1, 0x87, 0x0B, 0xEE, 0x76, 0xD3, 
0x05, 0x1E, 0x50, 0xA5, 0xA2, 0x8A, 0x43, 0x5D, 0xF5, 0x53, 0x50, 0x2B, 0xB6, 0x58, 0xE2, 0x7D, 
0x02, 0x94, 0x45, 0xC8, 0x8D, 0x38, 0xDE, 0x08, 0x80, 0x01, 0x2E, 0x46, 0x85, 0x13, 0x00, 0x3A, 
0x02, 0x20, 0xE3, 0x85, 0x35, 0x02, 0x99, 0x23, 0x8E, 0x3B, 0xF6, 0xD8, 0x10, 0x50, 0xD0, 0x21, 
0x10, 0x81, 0x01, 0x24, 0x12, 0x89, 0xA2, 0x91, 0x47, 0x26, 0x59, 0xA2, 0x75, 0xEE, 0x3D, 0x50, 
0x41, 0x84, 0xF9, 0x61, 0xA8, 0x40, 0x04, 0x6F, 0xAD, 0x28, 0x24, 0x51, 0x25, 0xCE, 0x67, 0x1A, 
0x7E, 0xD4, 0x15, 0xA2, 0xA6, 0x40, 0x15, 0x31, 0xF1, 0x02, 0x07, 0x22, 0x72, 0x18, 0x65, 0x68, 
0xB4, 0x19, 0xA4, 0xE6, 0x9D, 0x85, 0xEC, 0x85, 0xE7, 0x9D, 0x04, 0x2C, 0x80, 0x42, 0x0B, 0x80, 
0x42, 0xC8, 0x25, 0x56, 0x7B, 0xE2, 0xA9, 0x56, 0xA1, 0x79, 0x26, 0x80, 0xD9, 0x0B, 0x3D, 0x48, 
0x71, 0x43, 0x09, 0x06, 0x66, 0x85, 0xE8, 0x9D, 0x33, 0x8E, 0x54, 0xA8, 0x6F, 0x08, 0x40, 0xC0, 
0x81, 0x96, 0x67, 0x56, 0x1A, 0xD1, 0xA4, 0x94, 0x62, 0x25, 0xD3, 0xA5, 0x02, 0x4C, 0x45, 0x88, 
0x59, 0x11, 0x28, 0x50, 0x00, 0xA7, 0x03, 0x78, 0x7A, 0x10, 0xA8, 0x78, 0x7E, 0xFF, 0x16, 0xD2, 
0x00, 0x88, 0xDE, 0x64, 0x63, 0x90, 0x4E, 0xAA, 0x3A, 0x41, 0x03, 0x12, 0x86, 0x04, 0x2B, 0x9E, 
0xE8, 0x85, 0x44, 0x40, 0xAD, 0x02, 0x4C, 0x59, 0xA5, 0x59, 0x1D, 0xC4, 0xE4, 0xAA, 0x40, 0xBF, 
0xEE, 0x89, 0xD4, 0xA4, 0x6C, 0x69, 0xF0, 0xE5, 0x5B, 0x47, 0x12, 0xE2, 0x81, 0x05, 0x4A, 0x42, 
0xD4, 0xAC, 0xB3, 0x47, 0x21, 0x4A, 0x5A, 0x05, 0x4C, 0x3C, 0xC0, 0x01, 0x76, 0x54, 0xE1, 0x78, 
0x96, 0xAB, 0x97, 0x26, 0x34, 0x29, 0xA1, 0x7B, 0xF6, 0xF9, 0xC1, 0x08, 0x0F, 0xF4, 0x50, 0x04, 
0x0A, 0x13, 0x14, 0x30, 0x2D, 0x00, 0x3B, 0xF5, 0x34, 0x51, 0xBB, 0x14, 0xAE, 0x56, 0xA8, 0xA4, 
0x78, 0x66, 0xF0, 0x81, 0x03, 0x55, 0x74, 0x50, 0x00, 0x06, 0x5D, 0x48, 0x11, 0x40, 0x05, 0x0F, 
0xD8, 0x8B, 0x92, 0x4A, 0x9F, 0xB6, 0xCB, 0xDE, 0x4B, 0x05, 0x68, 0xC6, 0x2D, 0xBB, 0x6A, 0x12, 
0x10, 0xC2, 0x08, 0x29, 0x30, 0x00, 0xC0, 0x01, 0x22, 0x3C, 0x80, 0xC2, 0x02, 0x37, 0x50, 0x38, 
0x28, 0x43, 0xB5, 0x2E, 0x80, 0x81, 0x03, 0xD0, 0x35, 0x36, 0xEA, 0x9D, 0x87, 0xDE, 0x29, 0x30, 
0xCB, 0x0C, 0x34, 0xA5, 0xE9, 0xAE, 0xAD, 0xD6, 0xF9, 0x6A, 0xA1, 0x12, 0x80, 0x27, 0x5E, 0xCD, 
0x07, 0x38, 0xB6, 0x26, 0x62, 0x19, 0xAB, 0x4C, 0xB3, 0x21, 0x66, 0x41, 0x50, 0x71, 0x6E, 0x86, 
0xDA, 0x79, 0x69, 0x49, 0x1D, 0x20, 0x80, 0x34, 0x70, 0x16, 0xE7, 0x09, 0x5A, 0xD1, 0x2B, 0x43, 
0x27, 0xD0, 0xC7, 0x0E, 0x54, 0x0D, 0x33, 0x41, 0xD0, 0xE2, 0xE4, 0x81, 0x21, 0x99, 0x2E, 0x1D, 
0x6C, 0x65, 0x85, 0xF4, 0xE9, 0x12, 0x76, 0x0C, 0x18, 0x92, 0x9C, 0xD0, 0x4D, 0x1B, 0x02, 0xAA, 
0x6F, 0x86, 0x84, 0xDC, 0x40, 0x7D, 0xCD, 0x7D, 0x17, 0xDE, 0x01, 0x40, 0xC3, 0x25, 0xDD, 0x34, 
0xAC, 0xB7, 0x19, 0xB2, 0x2C, 0x5F, 0x85, 0xAC, 0x97, 0x35, 0xD5, 0xB4, 0xFE, 0xFB, 0xEB, 0x6B, 
0xFB, 0xA5, 0xAD, 0x32, 0x66, 0xCB, 0x6D, 0x0B, 0xED, 0x20, 0x56, 0xEB, 0x97, 0x76, 0x47, 0xFE, 
0x4E, 0x1A, 0x10, 0x00, 0x21, 0xF9, 0x04, 0x05, 0x0A, 0x00, 0x86, 0x00, 0x2C, 0x1F, 0x00, 0x09, 
0x00, 0x44, 0x00, 0x37, 0x00, 0x00, 0x08, 0xFF, 0x00, 0x0D, 0x09, 0x1C, 0x48, 0xB0, 0xA0, 0xC1, 
0x82, 0x85, 0x0E, 0x22, 0x14, 0x38, 0x48, 0xA1, 0xC3, 0x87, 0x10, 0x15, 0x12, 0x18, 0x20, 0x30, 
0x80, 0x84, 0x84, 0x0A, 0x0B, 0x4D, 0x0C, 0x20, 0xC0, 0x62, 0xC4, 0x8F, 0x20, 0x0D, 0x0E, 0x48, 
0x50, 0xC0, 0x82, 0x86, 0x00, 0x83, 0x30, 0x1A, 0x2C, 0x34, 0xB2, 0xE4, 0xC9, 0x86, 0x21, 0x63, 
0x42, 0x1C, 0x14, 0x80, 0xC2, 0x06, 0x43, 0x0A, 0x2A, 0xA4, 0x3C, 0x58, 0x88, 0x66, 0x81, 0x03, 
0x1E, 0x2E, 0x08, 0x80, 0x29, 0xB3, 0xA8, 0x41, 0x9A, 0x14, 0x10, 0x00, 0x88, 0xF0, 0x60, 0x40, 
0x21, 0x95, 0x03, 0x7B, 0x0A, 0x50, 0x60, 0x08, 0x80, 0x82, 0xA1, 0x46, 0xB3, 0x16, 0x1C, 0x30, 
0x01, 0x02, 0x00, 0x04, 0x05, 0x50, 0x42, 0x15, 0xD8, 0xB3, 0x82, 0x81, 0xAF, 0x61, 0x89, 0x6A, 
0xCD, 0x3A, 0xA8, 0x01, 0x07, 0xA5, 0x39, 0x77, 0x22, 0x1C, 0xF0, 0x20, 0x82, 0x09, 0xA6, 0x14, 
0xD7, 0xEA, 0xA5, 0x6B, 0x17, 0xEF, 0x53, 0x82, 0x3D, 0x6B, 0xC2, 0xD5, 0xA9, 0x57, 0xEF, 0xA0, 
0x0A, 0x0A, 0xBE, 0x52, 0x10, 0x0B, 0x18, 0xA9, 0xA1, 0x0D, 0x69, 0x0B, 0xAF, 0xF5, 0xB9, 0xE1, 
0x26, 0xCA, 0x95, 0x23, 0x0D, 0x51, 0x48, 0x90, 0x57, 0xF2, 0xCA, 0xB1, 0x0A, 0x47, 0x52, 0xD8, 
0x6C, 0x08, 0xB4, 0x46, 0x8A, 0x01, 0x06, 0x10, 0x00, 0xB9, 0x3A, 0x64, 0xCF, 0x41, 0x29, 0x41, 
0x17, 0xDC, 0x98, 0xBA, 0x35, 0x4F, 0x43, 0x6A, 0x1F, 0x0E, 0x1A, 0x10, 0x22, 0x83, 0x6D, 0x88, 
0x12, 0x38, 0xD6, 0x96, 0x5D, 0x10, 0xB6, 0xE7, 0x89, 0x0D, 0x54, 0x8C, 0xF8, 0xD0, 0x19, 0x62, 
0x03, 0x0D, 0x16, 0x0A, 0x24, 0x58, 0x40, 0x80, 0xB8, 0x67, 0x82, 0x04, 0x16, 0x90, 0xEC, 0x80, 
0x23, 0x32, 0xC4, 0x01, 0x2A, 0x3A, 0x78, 0xFF, 0x38, 0xE0, 0x00, 0x03, 0x75, 0xEB, 0xD7, 0xB3, 
0x63, 0x70, 0x70, 0x00, 0x80, 0x09, 0x0B, 0x58, 0x1F, 0x12, 0x08, 0x31, 0xA2, 0x0A, 0x03, 0x06, 
0xE4, 0xCD, 0x57, 0xBF, 0x7E, 0x50, 0x3D, 0x7B, 0x06, 0x00, 0x1C, 0xE0, 0xDD, 0x43, 0x19, 0x7C, 
0xC0, 0x1E, 0x00, 0xF8, 0x39, 0xC0, 0x19, 0x7A, 0x85, 0x8D, 0xF4, 0x1F, 0x02, 0x10, 0x48, 0xD7, 
0x9C, 0x43, 0xD9, 0x91, 0x04, 0x81, 0x52, 0x1B, 0x2C, 0x26, 0x17, 0x7F, 0x0C, 0xD5, 0x34, 0x83, 
0x09, 0x07, 0x88, 0xF0, 0x40, 0x03, 0xAA, 0xB1, 0x36, 0x40, 0x03, 0x13, 0x70, 0xC0, 0x9D, 0x86, 
0x1C, 0x12, 0x44, 0x13, 0x08, 0x17, 0x28, 0x20, 0xDD, 0x02, 0xB9, 0x7D, 0xB4, 0x5B, 0x72, 0xCB, 
0x95, 0xD6, 0x22, 0x41, 0xC1, 0x09, 0xD0, 0x51, 0x89, 0x6C, 0xF1, 0xE6, 0xDB, 0x8E, 0xC5, 0xC1, 
0x56, 0xA3, 0x51, 0xBF, 0x11, 0xA9, 0xE4, 0x92, 0x4C, 0x36, 0xE9, 0xE4, 0x93, 0x50, 0x46, 0x29, 
0xE5, 0x94, 0x4E, 0x3E, 0x65, 0xE5, 0x95, 0x56, 0x2E, 0x04, 0x18, 0x95, 0x58, 0xBE, 0x66, 0x24, 
0x6C, 0x18, 0xF5, 0x34, 0x40, 0x00, 0x03, 0xD5, 0x26, 0x25, 0x96, 0x1B, 0xF9, 0xA8, 0xA6, 0x45, 
0x09, 0x49, 0x80, 0x62, 0x01, 0x54, 0xC9, 0xB8, 0x60, 0x94, 0x58, 0xB6, 0xA4, 0x80, 0x01, 0x78, 
0x5E, 0x70, 0xD2, 0x40, 0x1A, 0x74, 0x80, 0xC0, 0x40, 0x02, 0x92, 0x49, 0xA7, 0x95, 0x3E, 0xB5, 
0x07, 0xC0, 0xA1, 0x41, 0x15, 0xE4, 0x81, 0x40, 0x84, 0x10, 0x02, 0x80, 0x05, 0x53, 0x5E, 0x39, 
0x88, 0x00, 0x16, 0x78, 0x70, 0x28, 0xA2, 0x17, 0x1C, 0x74, 0xA9, 0x80, 0x91, 0x12, 0x1A, 0x80, 
0x06, 0x17, 0xE0, 0x99, 0xE7, 0x9E, 0x04, 0xDD, 0x69, 0x80, 0x9C, 0x13, 0x36, 0x89, 0x65, 0x8F, 
0x6A, 0xFA, 0xC8, 0x66, 0x41, 0x6B, 0x02, 0xAF, 0x39, 0x28, 0xA1, 0x5F, 0x1A, 0xF9, 0x57, 0x91, 
0x47, 0x56, 0xD9, 0xE5, 0xAE, 0x54, 0x42, 0xB4, 0x6B, 0x97, 0xBD, 0x3E, 0xF4, 0x2B, 0x96, 0xC1, 
0x0A, 0x3B, 0x2C, 0xB1, 0xC5, 0x7E, 0x76, 0xEC, 0x95, 0xC9, 0x22, 0xB4, 0x2C, 0xB2, 0xCD, 0x96, 
0xF6, 0x2C, 0xB3, 0xD1, 0xD2, 0x3A, 0x6D, 0xB5, 0xA7, 0x05, 0x30, 0xDC, 0xB0, 0x21, 0x5D, 0xA4, 
0xA4, 0x46, 0xDA, 0x8D, 0x36, 0x5D, 0x75, 0xBF, 0x3A, 0xA4, 0xD6, 0x4B, 0x44, 0x3E, 0x55, 0x20, 
0x7B, 0x86, 0x94, 0x77, 0x1E, 0xB0, 0xFD, 0x9D, 0xF8, 0x80, 0x08, 0x86, 0x04, 0x35, 0x14, 0x83, 
0x5A, 0xCD, 0x37, 0x42, 0x0A, 0x02, 0xE5, 0xF7, 0x6E, 0x96, 0xA1, 0x59, 0xF8, 0xA7, 0x09, 0x42, 
0x6D, 0xC8, 0x61, 0x21, 0x05, 0x0E, 0x94, 0xE0, 0x82, 0xB7, 0x3E, 0xF4, 0x13, 0x00, 0x86, 0x20, 
0xD0, 0x01, 0xBA, 0x4F, 0xDE, 0x17, 0x68, 0x6C, 0x1F, 0x41, 0x1C, 0xE2, 0x88, 0xDE, 0x36, 0xB9, 
0x5E, 0x7B, 0x1E, 0xC0, 0x17, 0x1B, 0xBE, 0x02, 0xB9, 0x6B, 0xF0, 0x92, 0xDA, 0xC1, 0xA9, 0xA7, 
0x58, 0x0D, 0x7F, 0x94, 0x24, 0x93, 0x69, 0x76, 0x74, 0x51, 0xCB, 0xD1, 0x1E, 0xF4, 0x25, 0xB5, 
0x35, 0x3B, 0x04, 0x2F, 0x41, 0x01, 0x01, 0x00, 0x21, 0xF9, 0x04, 0x05, 0x0A, 0x00, 0x86, 0x00, 
0x2C, 0x20, 0x00, 0x09, 0x00, 0x40, 0x00, 0x34, 0x00, 0x00, 0x08, 0xFF, 0x00, 0x0D, 0x09, 0x1C, 
0x48, 0xB0, 0xA0, 0x41, 0x43, 0x85, 0x12, 0x1E, 0x5C, 0xC8, 0xB0, 0xA1, 0xC3, 0x87, 0x02, 0x0B, 
0x0D, 0x9A, 0xA8, 0xB0, 0x61, 0x21, 0x09, 0x03, 0x07, 0x10, 0x80, 0xC8, 0xF1, 0xE1, 0xC6, 0x00, 
0x02, 0x02, 0x68, 0x2C, 0xD4, 0x70, 0x50, 0x00, 0x0D, 0x86, 0x0A, 0x24, 0x18, 0xD0, 0xB1, 0xE5, 
0xC2, 0x0C, 0x1F, 0x0A, 0x58, 0x50, 0x39, 0x80, 0xE4, 0x42, 0x89, 0x15, 0x14, 0x18, 0xDA, 0x40, 
0x21, 0xC0, 0x20, 0x97, 0x40, 0x05, 0x12, 0x08, 0x31, 0x02, 0x87, 0x89, 0x03, 0x05, 0x7C, 0x32, 
0x2C, 0x34, 0xE0, 0x41, 0x04, 0x43, 0x08, 0x7A, 0xFE, 0x0C, 0x0A, 0x74, 0x80, 0x8A, 0x0E, 0x00, 
0x0C, 0x29, 0xA8, 0x30, 0xC8, 0xE6, 0xC1, 0x00, 0x05, 0x10, 0x00, 0x88, 0xF0, 0x80, 0x25, 0x55, 
0xA0, 0x83, 0x1A, 0x70, 0x10, 0x4B, 0xB6, 0xE6, 0xC2, 0x41, 0x02, 0x14, 0x00, 0x00, 0xB0, 0x75, 
0xEA, 0x59, 0x97, 0x03, 0x26, 0x40, 0x00, 0x80, 0x20, 0xA9, 0x5D, 0x82, 0x12, 0x05, 0x18, 0x80, 
0xEA, 0xF7, 0x2E, 0x5A, 0xB5, 0x08, 0xB4, 0x0A, 0xE8, 0x6A, 0x30, 0xF0, 0x05, 0x12, 0x1D, 0x26, 
0x98, 0x35, 0x8C, 0x77, 0x42, 0x07, 0x12, 0x17, 0x16, 0x7B, 0x25, 0x68, 0x52, 0x83, 0x05, 0x0D, 
0x0D, 0xFE, 0x52, 0xE6, 0x98, 0xD6, 0xB3, 0x06, 0xA5, 0x07, 0x2F, 0x1A, 0x0A, 0x89, 0x11, 0xE2, 
0xE6, 0xA5, 0x1D, 0x25, 0x80, 0x34, 0x24, 0xE1, 0xF5, 0x41, 0xD1, 0x0C, 0x27, 0x32, 0x66, 0x48, 
0x60, 0x40, 0x80, 0x8E, 0xB8, 0x29, 0x83, 0x64, 0xCD, 0x7B, 0x41, 0x02, 0x0A, 0x14, 0x46, 0x9F, 
0x55, 0x70, 0x01, 0x65, 0xC3, 0x04, 0x0E, 0x0E, 0x28, 0xBF, 0xEB, 0xA1, 0x64, 0x00, 0x0A, 0xD2, 
0xA7, 0x6B, 0xE7, 0x7C, 0x7D, 0x03, 0x00, 0x42, 0xDB, 0xC3, 0x0F, 0xFF, 0x48, 0x50, 0x00, 0x02, 
0x02, 0x06, 0x0C, 0x90, 0x86, 0x1F, 0xDD, 0xBB, 0xC1, 0x03, 0x11, 0x07, 0x00, 0x78, 0xB0, 0x20, 
0x60, 0xFD, 0xE8, 0x41, 0xC6, 0x0B, 0x30, 0x3F, 0x1D, 0xDC, 0xBE, 0xCB, 0xDE, 0xC3, 0x05, 0xD0, 
0x9A, 0x7F, 0x94, 0xE9, 0xD6, 0x1F, 0x81, 0x08, 0x26, 0xA8, 0xE0, 0x82, 0x0C, 0x36, 0xE8, 0xE0, 
0x83, 0x10, 0x46, 0x98, 0xD0, 0x84, 0x11, 0x92, 0x66, 0x20, 0x45, 0x15, 0x36, 0x34, 0x9C, 0x00, 
0x1C, 0x12, 0x97, 0x21, 0x43, 0x17, 0x18, 0x20, 0xA2, 0x01, 0xCD, 0x7D, 0xE8, 0xD0, 0x5C, 0x73, 
0x55, 0xD7, 0xD2, 0x44, 0x08, 0x32, 0x60, 0x82, 0x61, 0x00, 0x8A, 0x74, 0xE0, 0x84, 0xB6, 0x41, 
0x14, 0x01, 0x19, 0x1D, 0x18, 0x66, 0x1C, 0x72, 0x13, 0x34, 0x30, 0x80, 0x68, 0x09, 0x19, 0x58, 
0x11, 0x47, 0x15, 0xA8, 0x30, 0x82, 0x0A, 0x0D, 0x18, 0x16, 0x1D, 0x02, 0x10, 0x70, 0xD0, 0xE3, 
0x8F, 0x53, 0x0D, 0xE2, 0x1B, 0x87, 0x22, 0x6D, 0xD4, 0xD2, 0x00, 0x21, 0x4C, 0x46, 0x55, 0x72, 
0x0C, 0x10, 0xC2, 0x57, 0x93, 0x0F, 0x54, 0xD0, 0x61, 0x05, 0x0F, 0xE8, 0xA7, 0x00, 0x4D, 0x35, 
0x36, 0x64, 0xE5, 0x59, 0xD7, 0x25, 0x26, 0x90, 0x97, 0x08, 0x44, 0x30, 0xA2, 0x88, 0x11, 0x88, 
0x05, 0x00, 0x52, 0xBF, 0x35, 0xC8, 0x94, 0x5E, 0x59, 0x0D, 0xE4, 0x25, 0x8A, 0x02, 0xF5, 0x59, 
0xA1, 0x44, 0x0D, 0x14, 0x70, 0x00, 0x03, 0x05, 0x11, 0x02, 0x5E, 0xA2, 0x74, 0xD5, 0xE7, 0x20, 
0x53, 0xD0, 0xC5, 0xE7, 0x90, 0x97, 0x78, 0x1E, 0x68, 0x5F, 0x21, 0x04, 0xE4, 0x67, 0x1E, 0xA0, 
0x04, 0x65, 0xC5, 0x24, 0x4D, 0x10, 0x62, 0x3A, 0x40, 0x03, 0x13, 0xE8, 0x67, 0x40, 0x9D, 0x03, 
0xC5, 0xA9, 0xD3, 0x93, 0x6B, 0x3E, 0x2A, 0xD1, 0x94, 0x64, 0xEA, 0x55, 0xA7, 0x55, 0x01, 0x61, 
0xFE, 0x66, 0xE9, 0x68, 0x69, 0x0E, 0x34, 0xA1, 0x6E, 0xBE, 0x0D, 0x24, 0x23, 0x81, 0x53, 0x55, 
0xF9, 0x10, 0x8D, 0xAF, 0xE5, 0x4A, 0x59, 0x7B, 0x13, 0x20, 0xB7, 0x92, 0xB1, 0xF6, 0xDD, 0x6A, 
0x88, 0xA6, 0x08, 0xF0, 0x94, 0x27, 0x83, 0x22, 0x3C, 0xD0, 0xC0, 0x80, 0x0C, 0x45, 0x97, 0xD5, 
0x01, 0x3D, 0x39, 0x88, 0x40, 0x07, 0xFC, 0x3D, 0x84, 0xE8, 0x01, 0x0E, 0x2C, 0xDB, 0x20, 0x21, 
0x26, 0x64, 0xD6, 0x91, 0x03, 0x18, 0x2C, 0xD0, 0x2A, 0x83, 0x17, 0x00, 0xF5, 0x6E, 0x86, 0x01, 
0x01, 0x00, 0x21, 0xF9, 0x04, 0x05, 0x0A, 0x00, 0x86, 0x00, 0x2C, 0x20, 0x00, 0x09, 0x00, 0x41, 
0x00, 0x32, 0x00, 0x00, 0x08, 0xFF, 0x00, 0x0D, 0x09, 0x1C, 0x48, 0xB0, 0xA0, 0xC1, 0x83, 0x03, 
0x07, 0x0D, 0x42, 0xC8, 0xB0, 0xA1, 0xC3, 0x87, 0x0F, 0x25, 0x04, 0x08, 0x20, 0x01, 0xA2, 0xC5, 
0x8B, 0x18, 0x05, 0x0E, 0x0A, 0xB0, 0x25, 0x4B, 0x80, 0x85, 0x19, 0x43, 0x8A, 0x24, 0x38, 0x48, 
0x80, 0x1C, 0x16, 0x1F, 0x47, 0xAA, 0x0C, 0x39, 0xA8, 0x07, 0x08, 0x15, 0x03, 0x56, 0xCA, 0xBC, 
0x38, 0xC8, 0x8A, 0x9D, 0x94, 0x33, 0x47, 0x12, 0xB8, 0x28, 0xC1, 0x4F, 0xC5, 0x8B, 0x3B, 0x73, 
0x0A, 0x94, 0x10, 0x22, 0x43, 0xD0, 0x87, 0x47, 0x91, 0x66, 0x08, 0xF1, 0x73, 0x66, 0x4D, 0x2C, 
0x1F, 0x16, 0x24, 0xCD, 0x39, 0x20, 0x08, 0x16, 0x2B, 0x20, 0x65, 0x6E, 0xCC, 0xC2, 0xE2, 0x43, 
0x86, 0x83, 0x06, 0x1E, 0xB2, 0xB8, 0xA0, 0xA3, 0xE0, 0x56, 0x8F, 0x59, 0x65, 0x0E, 0x48, 0x90, 
0x05, 0x4B, 0x88, 0xA4, 0x3A, 0x3A, 0x78, 0x11, 0xC0, 0x90, 0x40, 0xA0, 0x09, 0x35, 0x04, 0x7C, 
0x4D, 0x68, 0x05, 0x4B, 0x90, 0x98, 0x42, 0x09, 0x0C, 0x08, 0x60, 0xA5, 0xA9, 0xA1, 0x0C, 0x15, 
0xEE, 0x14, 0xE0, 0x92, 0x96, 0x64, 0x00, 0x0D, 0x1A, 0x1A, 0x34, 0x26, 0x6A, 0x54, 0x68, 0xC2, 
0xC6, 0x83, 0x50, 0x14, 0x70, 0x22, 0xA0, 0x71, 0x42, 0x01, 0x16, 0x2C, 0x74, 0x36, 0x38, 0xD5, 
0xB2, 0xC1, 0x92, 0x5E, 0xD6, 0x8C, 0x3E, 0x58, 0x32, 0xF4, 0x6A, 0xD3, 0x34, 0x03, 0x80, 0x00, 
0x81, 0xF3, 0xB4, 0x6C, 0xDA, 0x9E, 0x61, 0x3B, 0x94, 0x48, 0xB1, 0x21, 0x6F, 0xC3, 0xBA, 0x49, 
0x32, 0x54, 0xF8, 0x90, 0x78, 0x70, 0x83, 0x02, 0xCC, 0x54, 0x0E, 0xDE, 0xA0, 0xC0, 0x01, 0x00, 
0x33, 0x15, 0xE4, 0x79, 0xF2, 0x01, 0xB0, 0x69, 0x02, 0x0B, 0x1E, 0x74, 0x38, 0x00, 0x61, 0x26, 
0x8B, 0x1A, 0x4E, 0x64, 0xD4, 0xFF, 0x16, 0xBA, 0xD6, 0x41, 0x15, 0x11, 0x0F, 0x1A, 0xC8, 0x44, 
0x31, 0xE6, 0x82, 0xEA, 0xDC, 0x2A, 0x37, 0x52, 0x98, 0xD1, 0xE1, 0xC1, 0x82, 0x83, 0xA5, 0x15, 
0xE6, 0x2E, 0x21, 0x40, 0x89, 0x78, 0xF8, 0x23, 0xC9, 0x97, 0x42, 0x01, 0x92, 0x99, 0x35, 0x00, 
0x53, 0x04, 0x49, 0xC0, 0x03, 0x17, 0x01, 0x0C, 0x30, 0xD5, 0x20, 0x3C, 0x20, 0x51, 0x9D, 0x6E, 
0x03, 0x7C, 0x30, 0xC2, 0x84, 0x09, 0x36, 0xA0, 0xC2, 0x55, 0x20, 0x11, 0x10, 0x02, 0x12, 0x65, 
0xC8, 0xE0, 0x95, 0x41, 0x94, 0x95, 0x36, 0x13, 0x01, 0x4B, 0x2D, 0xA7, 0x91, 0x6C, 0x5E, 0x44, 
0x56, 0xC2, 0x40, 0x19, 0x7C, 0x20, 0x43, 0x19, 0x48, 0xBC, 0x45, 0xDA, 0x71, 0x02, 0xE5, 0xC7, 
0x51, 0x1A, 0x39, 0x8C, 0xD1, 0x9B, 0x21, 0x82, 0x05, 0xC0, 0x05, 0x0F, 0xC0, 0xE1, 0xF8, 0x10, 
0x62, 0x67, 0xD8, 0x70, 0x81, 0x06, 0xB5, 0xE9, 0x67, 0x64, 0x46, 0x83, 0x98, 0xF1, 0x45, 0x15, 
0x1E, 0x5C, 0xF0, 0xDA, 0x93, 0x23, 0x0D, 0xA0, 0x42, 0x04, 0x26, 0x18, 0x70, 0x25, 0x96, 0x21, 
0xDD, 0xC0, 0x84, 0x01, 0x1E, 0x18, 0x50, 0x01, 0x80, 0x60, 0x9E, 0x96, 0x56, 0x05, 0x27, 0x70, 
0x19, 0xC1, 0x03, 0xD6, 0x15, 0x94, 0x81, 0x71, 0x69, 0x4A, 0x60, 0x05, 0x0F, 0x7B, 0x09, 0x14, 
0x01, 0x09, 0x0C, 0x20, 0x50, 0x00, 0x43, 0x02, 0x04, 0x40, 0x64, 0x71, 0x4E, 0xAA, 0xE4, 0x21, 
0x16, 0x6E, 0x34, 0x80, 0x02, 0x41, 0x84, 0x10, 0x02, 0x80, 0x02, 0x08, 0x5D, 0xF0, 0xC0, 0x13, 
0x7B, 0x8C, 0x57, 0x50, 0x90, 0x02, 0x04, 0xEA, 0xA0, 0x4A, 0x5A, 0x82, 0x20, 0x40, 0x05, 0x8C, 
0x3A, 0x0A, 0xE9, 0x41, 0x1C, 0xF8, 0x00, 0x85, 0x0C, 0x8C, 0x31, 0xB4, 0x56, 0x01, 0x0A, 0x28, 
0x50, 0x40, 0x02, 0x52, 0x65, 0xFF, 0xA9, 0x82, 0xA7, 0x8B, 0xEA, 0xC9, 0xA7, 0x9F, 0x08, 0xFD, 
0xD0, 0x02, 0x05, 0x4A, 0x7C, 0x99, 0x50, 0x00, 0xCE, 0x01, 0x00, 0xC0, 0x01, 0x0E, 0x60, 0x10, 
0x2B, 0x41, 0x85, 0x24, 0x5B, 0x48, 0x5D, 0x21, 0x20, 0xDA, 0xA0, 0x40, 0x2D, 0x5C, 0xE1, 0x26, 
0x9C, 0x07, 0x2D, 0x10, 0x40, 0x16, 0x5B, 0x58, 0xFA, 0x99, 0x02, 0x00, 0x34, 0xCA, 0x00, 0xB1, 
0xC6, 0x0A, 0xA4, 0xEC, 0xB8, 0xC9, 0x22, 0x64, 0x27, 0x91, 0x41, 0x49, 0xF1, 0x02, 0x97, 0x66, 
0xE6, 0x46, 0xC0, 0x6F, 0x08, 0x15, 0x52, 0x12, 0xB7, 0x86, 0x78, 0x7B, 0x00, 0x7A, 0x15, 0x34, 
0xA8, 0xDF, 0xBE, 0xCB, 0x22, 0x44, 0xE7, 0x46, 0x05, 0x20, 0xF0, 0xA8, 0xAF, 0x97, 0x31, 0x24, 
0x2F, 0xB0, 0x07, 0x30, 0x20, 0x10, 0x21, 0x7D, 0x46, 0xE0, 0xEA, 0x03, 0x15, 0x64, 0x2A, 0x71, 
0x83, 0x26, 0x9E, 0x26, 0x00, 0xB7, 0x7E, 0x5A, 0x5A, 0xF1, 0x41, 0x85, 0x94, 0x97, 0xF0, 0x40, 
0x84, 0x08, 0x84, 0x40, 0x04, 0x06, 0x94, 0x5C, 0xB2, 0xAB, 0x09, 0xC4, 0x39, 0x5C, 0x05, 0x64, 
0x42, 0x30, 0x41, 0x9C, 0x83, 0x1C, 0x58, 0x64, 0xBC, 0xD8, 0x61, 0xE0, 0xC0, 0x73, 0x06, 0x09, 
0xAB, 0x33, 0x74, 0x1B, 0x50, 0xA0, 0xAD, 0x41, 0x03, 0x3C, 0x10, 0xC1, 0x01, 0x1C, 0x14, 0x38, 
0x94, 0x86, 0x1C, 0x5A, 0x54, 0x08, 0x76, 0x09, 0x14, 0x00, 0x81, 0xC0, 0xD0, 0x1D, 0xC4, 0xF0, 
0x01, 0x3E, 0xA3, 0x69, 0xC8, 0x20, 0xCD, 0xD1, 0xF7, 0xF2, 0xAF, 0x20, 0x78, 0x81, 0x9B, 0xD2, 
0x4B, 0x0F, 0xD0, 0xC0, 0x04, 0xAC, 0x46, 0x00, 0xB5, 0xB0, 0x02, 0x09, 0x4B, 0x6C, 0xCA, 0x24, 
0x79, 0x36, 0xC0, 0x04, 0x0A, 0x74, 0xA0, 0x83, 0xD1, 0x57, 0x5F, 0xCB, 0x02, 0xDB, 0x6A, 0x72, 
0x9C, 0x6C, 0xCC, 0x01, 0x54, 0x9C, 0xF0, 0x00, 0xAB, 0x26, 0x9B, 0x8C, 0xF2, 0xB1, 0x86, 0xC0, 
0x9B, 0x50, 0x03, 0x14, 0x74, 0xB0, 0x43, 0x05, 0x79, 0x0E, 0x35, 0xD1, 0xA6, 0x05, 0x19, 0x6E, 
0x90, 0xB2, 0x0A, 0x0D, 0x26, 0xF1, 0xE5, 0x9A, 0x1E, 0xB5, 0xD1, 0x6C, 0x01, 0xBC, 0x08, 0xE4, 
0xDB, 0xDB, 0xAD, 0x80, 0x82, 0x67, 0x74, 0x3A, 0x86, 0xED, 0xCF, 0xE2, 0x52, 0xBE, 0x2F, 0x48, 
0xA5, 0x5F, 0x0D, 0x9A, 0x05, 0x3E, 0xA0, 0x40, 0xD7, 0x02, 0xCD, 0x21, 0x60, 0x82, 0x68, 0x56, 
0x13, 0x64, 0x2D, 0x0B, 0x65, 0xA4, 0xFA, 0x10, 0xB9, 0x0D, 0xB5, 0xA6, 0xF8, 0x0A, 0x16, 0x14, 
0xF0, 0x03, 0x10, 0x17, 0x98, 0x90, 0x71, 0xEE, 0x04, 0x25, 0xF1, 0x01, 0x12, 0x3C, 0x30, 0x1F, 
0x9B, 0x06, 0x17, 0x3C, 0x0D, 0x9D, 0x0D, 0x80, 0xD4, 0x71, 0x40, 0x07, 0x5B, 0x67, 0xB4, 0x00, 
0x82, 0xB0, 0x49, 0x30, 0x76, 0x1A, 0x07, 0x0C, 0x64, 0xC4, 0x11, 0x11, 0x50, 0x40, 0x37, 0x46, 
0x1B, 0x6B, 0xB5, 0x00, 0x06, 0x04, 0xB9, 0x00, 0x83, 0x01, 0xDD, 0xA7, 0xB9, 0x92, 0x99, 0x06, 
0x05, 0x04, 0x00, 0x21, 0xF9, 0x04, 0x05, 0x0A, 0x00, 0x86, 0x00, 0x2C, 0x20, 0x00, 0x0B, 0x00, 
0x41, 0x00, 0x30, 0x00, 0x00, 0x08, 0xFF, 0x00, 0x0D, 0x09, 0x1C, 0x48, 0xB0, 0xA0, 0xC1, 0x83, 
0x03, 0x41, 0x80, 0x40, 0xC8, 0xB0, 0xA1, 0xC3, 0x87, 0x10, 0x2D, 0x58, 0x10, 0x00, 0xB1, 0xA2, 
0xC5, 0x8B, 0x03, 0x05, 0x48, 0x14, 0x30, 0x08, 0xA3, 0xC7, 0x8F, 0x06, 0x03, 0x28, 0x0C, 0xD0, 
0x11, 0x22, 0x01, 0x90, 0x08, 0x07, 0x95, 0xAC, 0x18, 0x20, 0x80, 0x04, 0x93, 0x19, 0x42, 0xBC, 
0x44, 0x49, 0x50, 0x82, 0x95, 0x00, 0x03, 0x2C, 0xAA, 0xAC, 0x38, 0xE0, 0x03, 0x12, 0x1E, 0x2B, 
0x51, 0x12, 0x08, 0x81, 0x25, 0x4B, 0x02, 0x9A, 0x29, 0x1B, 0xC8, 0x28, 0xC3, 0x05, 0xE9, 0xC0, 
0x0C, 0x1F, 0x58, 0x20, 0x84, 0xE0, 0x01, 0xE5, 0x00, 0x15, 0x5E, 0x64, 0x38, 0x1D, 0x48, 0x60, 
0x01, 0x43, 0x0E, 0x1B, 0x0C, 0x38, 0xA4, 0xF1, 0xC0, 0xE0, 0x50, 0x2C, 0x20, 0x8E, 0x16, 0x3C, 
0xB9, 0x95, 0xE0, 0x80, 0x17, 0x1D, 0x14, 0x54, 0x60, 0x08, 0xB5, 0x80, 0x0E, 0x83, 0x36, 0x71, 
0x16, 0x1C, 0x10, 0x22, 0x03, 0xDB, 0xB6, 0x6F, 0x21, 0x74, 0x78, 0x90, 0xD3, 0x6C, 0x88, 0x11, 
0x29, 0x2E, 0x1C, 0xDC, 0x49, 0xB0, 0x81, 0x8A, 0x11, 0x1F, 0x0A, 0x6F, 0x1D, 0x14, 0x80, 0xC2, 
0x86, 0x03, 0x14, 0x48, 0x1E, 0xBC, 0xDA, 0xE1, 0x62, 0x07, 0x1C, 0x05, 0xDA, 0x0A, 0xA4, 0x0C, 
0xE2, 0x73, 0xE6, 0xA0, 0x04, 0x2B, 0x28, 0xD1, 0x6A, 0xD1, 0x84, 0xE8, 0x81, 0x12, 0x1C, 0x43, 
0x96, 0x5C, 0x70, 0x10, 0x0F, 0x24, 0x91, 0x5F, 0x3B, 0x44, 0x3D, 0x9A, 0xAF, 0x5F, 0x86, 0x12, 
0xFA, 0xFE, 0x25, 0xD8, 0x15, 0xC3, 0xEB, 0x06, 0x2E, 0x11, 0x0E, 0x57, 0xAE, 0x7C, 0x01, 0x06, 
0x07, 0xA2, 0x6B, 0x68, 0x00, 0xA1, 0xF9, 0xF5, 0x80, 0x04, 0x0E, 0x0E, 0x20, 0x68, 0x7B, 0xE2, 
0xC2, 0x44, 0xDD, 0x94, 0x0B, 0x68, 0xFF, 0xC7, 0xB8, 0xDC, 0xA0, 0x62, 0xDD, 0x86, 0x34, 0x7A, 
0x88, 0x90, 0x12, 0x35, 0x81, 0x98, 0x03, 0x78, 0x0B, 0xDC, 0x88, 0xDE, 0x50, 0x81, 0x19, 0x17, 
0xE6, 0x12, 0x1F, 0xD0, 0xB2, 0x60, 0x86, 0x20, 0x23, 0xA8, 0xD0, 0xC0, 0x4C, 0x04, 0x89, 0x44, 
0x9D, 0x7C, 0x48, 0x25, 0x40, 0xC1, 0x81, 0x6E, 0x29, 0x08, 0x42, 0x03, 0x05, 0x09, 0x31, 0x44, 
0x07, 0x1A, 0x54, 0x57, 0x60, 0x72, 0xE8, 0xF1, 0x87, 0x21, 0x41, 0x14, 0xCC, 0x30, 0xD8, 0x02, 
0xC3, 0x39, 0x40, 0xC4, 0x44, 0xBC, 0x31, 0x56, 0x9F, 0x89, 0x1C, 0x22, 0x80, 0x80, 0x08, 0x09, 
0x48, 0xB6, 0x80, 0x83, 0x16, 0xD6, 0x67, 0xD1, 0x00, 0x0F, 0x44, 0x00, 0xC0, 0x01, 0xA1, 0x71, 
0xA5, 0x21, 0x81, 0x32, 0x5E, 0x54, 0x81, 0x02, 0x00, 0x00, 0xA0, 0x80, 0x41, 0x28, 0xF6, 0x58, 
0x51, 0x78, 0x08, 0x00, 0x60, 0xA4, 0x68, 0x52, 0xBC, 0x10, 0x81, 0x6B, 0x0D, 0xA9, 0x84, 0xE0, 
0x92, 0x2B, 0xB5, 0x70, 0xC5, 0x43, 0x02, 0x64, 0xB9, 0xE1, 0x92, 0x02, 0x05, 0x20, 0x40, 0x00, 
0x34, 0x58, 0x64, 0x80, 0x01, 0x0A, 0x5C, 0x50, 0xE1, 0x94, 0xAF, 0x51, 0xA6, 0x81, 0x05, 0x1A, 
0x3C, 0xB0, 0x42, 0x45, 0x37, 0xC2, 0x70, 0xC0, 0x05, 0x14, 0x71, 0x69, 0xC8, 0x20, 0x02, 0x5C, 
0x30, 0x03, 0x07, 0x35, 0x0C, 0x69, 0x08, 0x21, 0x0F, 0x19, 0x71, 0x04, 0x0C, 0x0A, 0xD4, 0xC9, 
0x25, 0x9E, 0x17, 0xC4, 0xF0, 0x42, 0x0B, 0x86, 0x28, 0x10, 0x01, 0x09, 0x84, 0x00, 0x8A, 0xD0, 
0x0A, 0x39, 0xD8, 0x80, 0x9F, 0x9D, 0xA3, 0x09, 0xA0, 0x04, 0x05, 0x28, 0x08, 0x54, 0xC1, 0x09, 
0x36, 0x2A, 0x89, 0x10, 0x0A, 0x15, 0x80, 0xC0, 0x26, 0x52, 0x52, 0xA6, 0x8A, 0xA0, 0x6D, 0xB8, 
0x15, 0x76, 0x43, 0x0B, 0x06, 0x04, 0xFF, 0xD9, 0x50, 0x06, 0x5E, 0x22, 0x95, 0xE5, 0xAD, 0xB7, 
0xE2, 0x54, 0x9E, 0x21, 0xC1, 0xFD, 0x26, 0x90, 0x00, 0xB1, 0x1A, 0x22, 0x16, 0x43, 0x68, 0x16, 
0x84, 0x80, 0xA4, 0x04, 0x8D, 0xA9, 0xAC, 0xB2, 0x0A, 0x14, 0xD0, 0x22, 0x73, 0x05, 0x89, 0x25, 
0xA4, 0xA1, 0xA3, 0x15, 0xE9, 0xD0, 0x04, 0x10, 0x00, 0x80, 0xEC, 0x40, 0x41, 0x76, 0xDB, 0x2D, 
0x8E, 0x31, 0x3A, 0x74, 0x63, 0x01, 0xD5, 0x0D, 0xC2, 0xDF, 0x97, 0x3C, 0x46, 0xD9, 0x80, 0x78, 
0x0C, 0x6C, 0x2B, 0x50, 0xA4, 0xF0, 0x46, 0x0A, 0xC0, 0x77, 0x17, 0xD9, 0x80, 0x41, 0x61, 0xB1, 
0x4D, 0x50, 0x80, 0x05, 0x0C, 0x42, 0x74, 0x5D, 0x76, 0xDA, 0x46, 0xEA, 0x50, 0x8E, 0x10, 0x71, 
0x70, 0x00, 0x0C, 0x67, 0x24, 0x71, 0x12, 0x69, 0x31, 0x6C, 0x30, 0xC3, 0x69, 0xB5, 0xC9, 0xD7, 
0x55, 0x02, 0x05, 0x40, 0x90, 0x64, 0xC0, 0xF1, 0xBA, 0x6B, 0x11, 0x04, 0x26, 0x54, 0xF1, 0x45, 
0x08, 0x0B, 0x8B, 0x64, 0xC1, 0x05, 0xCE, 0xD2, 0xC6, 0x6B, 0x4B, 0xE9, 0x0A, 0x44, 0xC0, 0x00, 
0x0D, 0xE8, 0xEB, 0xE8, 0xC5, 0xDD, 0x22, 0xC0, 0x9E, 0x59, 0x85, 0x0D, 0xB0, 0x1C, 0x07, 0x2A, 
0x3A, 0xF0, 0x41, 0x06, 0xB0, 0x79, 0xF9, 0xA5, 0xCD, 0x04, 0x91, 0xD6, 0x2F, 0x91, 0xFC, 0x55, 
0xF0, 0x40, 0x01, 0x0A, 0x30, 0x5B, 0xC0, 0x03, 0xFA, 0x35, 0x48, 0x01, 0x05, 0xCF, 0x12, 0xC4, 
0x71, 0x04, 0x0F, 0x80, 0x18, 0xF4, 0x68, 0x07, 0x69, 0x44, 0x2F, 0xB1, 0xE6, 0xFA, 0x9C, 0xAB, 
0xC9, 0x77, 0x06, 0x50, 0xC0, 0x06, 0x1B, 0x70, 0xD0, 0x02, 0x84, 0x04, 0x01, 0x60, 0x40, 0xD3, 
0x15, 0x55, 0x70, 0x01, 0x9D, 0x47, 0xAA, 0x2A, 0x1F, 0x9E, 0x16, 0x04, 0x19, 0xC1, 0x0E, 0x1C, 
0x50, 0x20, 0x10, 0x90, 0xD3, 0x5E, 0x3F, 0xF4, 0x83, 0x0F, 0xF4, 0x89, 0x16, 0xDE, 0x01, 0x00, 
0x20, 0x00, 0xC3, 0x76, 0x86, 0xC0, 0x41, 0xC5, 0xB8, 0xE1, 0x36, 0xB4, 0xF4, 0x74, 0x8D, 0xD3, 
0x74, 0x1D, 0xD2, 0x33, 0x1B, 0xE2, 0x02, 0x0C, 0x24, 0xAC, 0x18, 0xB5, 0x45, 0x02, 0x20, 0x97, 
0x32, 0x52, 0x2B, 0x07, 0x60, 0xB4, 0x08, 0xEF, 0x32, 0x00, 0x00, 0xD5, 0x56, 0x63, 0x64, 0x6D, 
0x5B, 0xD6, 0x8A, 0x6A, 0x50, 0x40, 0x00, 0x21, 0xF9, 0x04, 0x05, 0x0A, 0x00, 0x86, 0x00, 0x2C, 
0x20, 0x00, 0x09, 0x00, 0x42, 0x00, 0x31, 0x00, 0x00, 0x08, 0xFF, 0x00, 0x0D, 0x09, 0x1C, 0x48, 
0xB0, 0xA0, 0xC1, 0x83, 0x08, 0x0D, 0x0E, 0x4A, 0xC8, 0xB0, 0xA1, 0xC3, 0x87, 0x09, 0x05, 0x04, 
0x90, 0x00, 0xB1, 0xA2, 0xC5, 0x8B, 0x17, 0x2E, 0x68, 0x08, 0xB0, 0xF0, 0xA2, 0xC7, 0x8A, 0x15, 
0x18, 0x7A, 0xB0, 0x20, 0xE0, 0xA3, 0x49, 0x87, 0x03, 0x54, 0x74, 0x60, 0x58, 0xE0, 0xA4, 0x4B, 
0x84, 0x04, 0x42, 0x8C, 0x18, 0xD2, 0xF2, 0xA5, 0xCD, 0x8E, 0x0D, 0x33, 0x04, 0x11, 0xF2, 0x61, 
0x80, 0xC5, 0x0C, 0x04, 0x6C, 0x0E, 0x0C, 0x20, 0x71, 0x40, 0x50, 0x86, 0x04, 0x32, 0x84, 0x00, 
0xEA, 0x90, 0xC0, 0x02, 0x43, 0x42, 0x82, 0x64, 0x10, 0x3A, 0x28, 0x00, 0x08, 0x0B, 0x05, 0x12, 
0xF8, 0x6C, 0x0A, 0x71, 0x40, 0x02, 0x07, 0x74, 0x84, 0x84, 0x38, 0xEA, 0xB2, 0x2A, 0x85, 0x19, 
0x1B, 0x0A, 0x70, 0xF4, 0xD8, 0xE0, 0x60, 0x55, 0x19, 0x82, 0x1C, 0x7C, 0x98, 0x2A, 0xD4, 0xAB, 
0x83, 0x19, 0x24, 0x71, 0x12, 0x0C, 0x89, 0x30, 0x83, 0x80, 0x1A, 0x0A, 0x03, 0x6C, 0x91, 0x61, 
0x68, 0x01, 0xD9, 0x97, 0x4E, 0x13, 0x50, 0x00, 0xB1, 0x96, 0x20, 0x84, 0x0E, 0x0F, 0xB6, 0x16, 
0xAC, 0xAA, 0xE1, 0x02, 0x8B, 0x1E, 0x06, 0x03, 0x08, 0x35, 0x48, 0x60, 0x40, 0x80, 0x89, 0x06, 
0x23, 0x1C, 0x50, 0xAB, 0x57, 0xE0, 0x20, 0x01, 0x17, 0x48, 0x74, 0x98, 0x20, 0x79, 0x33, 0xC3, 
0x41, 0xA5, 0x05, 0x22, 0x30, 0x41, 0xD2, 0xAD, 0x00, 0x03, 0x00, 0x10, 0x50, 0x68, 0xEC, 0xFA, 
0x22, 0x85, 0x0D, 0x69, 0x11, 0x9E, 0xBE, 0xE0, 0x61, 0xC3, 0xEE, 0xD8, 0xBD, 0x1B, 0x7A, 0xA5, 
0x40, 0x21, 0x81, 0xF0, 0x00, 0x1A, 0xB0, 0x6A, 0x4D, 0x7E, 0x10, 0xC3, 0xD3, 0x83, 0x9D, 0x3F, 
0xB7, 0x2E, 0x28, 0x81, 0x68, 0x00, 0xA3, 0xD4, 0x0D, 0x8A, 0xFF, 0x78, 0xC0, 0xD7, 0x2D, 0x72, 
0x82, 0xB0, 0xCF, 0x27, 0x07, 0x70, 0xA0, 0x83, 0xC6, 0xB6, 0xE1, 0x05, 0xBA, 0x10, 0x6A, 0xC0, 
0x80, 0xE8, 0xD5, 0xDB, 0x5D, 0x03, 0x88, 0x70, 0x02, 0x05, 0x44, 0xD8, 0x08, 0xF9, 0xB0, 0x03, 
0x0C, 0x07, 0x1C, 0x97, 0x9C, 0x02, 0x00, 0x00, 0xA0, 0x40, 0x05, 0x25, 0x3C, 0xD4, 0x9D, 0x66, 
0x06, 0x95, 0x80, 0x42, 0x01, 0xC0, 0x19, 0xE8, 0x1A, 0x6A, 0x1E, 0x8C, 0xC6, 0x1B, 0x4E, 0xE0, 
0x99, 0x26, 0x18, 0x05, 0x13, 0x18, 0xD2, 0xA1, 0x21, 0x55, 0x5D, 0x95, 0x55, 0x7E, 0x65, 0x41, 
0x27, 0x9D, 0x64, 0x12, 0x34, 0x10, 0x62, 0x73, 0x92, 0xBD, 0x95, 0x82, 0x21, 0x05, 0xCC, 0x45, 
0x50, 0x77, 0x25, 0x8D, 0xB8, 0x19, 0x8E, 0x22, 0x1E, 0x55, 0x62, 0x0C, 0x08, 0xA4, 0xD5, 0x00, 
0x87, 0xCE, 0xCD, 0x90, 0xC2, 0x08, 0x63, 0xA1, 0x17, 0x9F, 0x69, 0x81, 0x81, 0x10, 0x83, 0x0B, 
0x00, 0x40, 0x10, 0xE2, 0x41, 0x14, 0xD8, 0xB8, 0x24, 0x44, 0x2D, 0x9E, 0x20, 0x1B, 0x07, 0xF0, 
0x19, 0xA4, 0xE3, 0x95, 0x0D, 0x95, 0xD0, 0x82, 0x01, 0x02, 0x49, 0x89, 0x22, 0x98, 0x17, 0xDD, 
0x06, 0x00, 0x21, 0x08, 0x90, 0x86, 0xE6, 0x49, 0x62, 0xE2, 0x46, 0x88, 0x82, 0x02, 0xA8, 0xF7, 
0x66, 0x43, 0x28, 0x9C, 0x10, 0xC1, 0x9A, 0x00, 0x18, 0x50, 0xA7, 0x72, 0x87, 0xDD, 0x39, 0x10, 
0x04, 0x24, 0x10, 0x32, 0xA7, 0x9F, 0x0D, 0x9D, 0xD8, 0x50, 0x21, 0x04, 0x14, 0x52, 0xC8, 0x66, 
0x2C, 0x10, 0x44, 0xC8, 0x40, 0x64, 0x32, 0x14, 0xA4, 0x85, 0x06, 0x15, 0x32, 0xC8, 0x00, 0x21, 
0x0C, 0x30, 0x88, 0xA3, 0x0A, 0x01, 0xF8, 0x90, 0x0B, 0x0A, 0x2C, 0xF1, 0x51, 0x13, 0x05, 0xF2, 
0xC6, 0x5D, 0x03, 0x2A, 0x8C, 0xA0, 0x42, 0x03, 0x46, 0x3D, 0xFF, 0x6A, 0x9A, 0x67, 0x45, 0x05, 
0x6A, 0x90, 0x01, 0x1B, 0xAC, 0xF0, 0x40, 0xA4, 0x1E, 0xE1, 0xC7, 0x90, 0x06, 0x1D, 0x90, 0xD1, 
0x41, 0x56, 0x0B, 0x2C, 0xB4, 0xA9, 0x8B, 0x05, 0x48, 0x67, 0x18, 0x43, 0x16, 0xC4, 0xF0, 0x00, 
0x0D, 0x27, 0x75, 0x89, 0xD0, 0x05, 0x26, 0x30, 0xC0, 0xDE, 0x78, 0x28, 0xD0, 0x80, 0xC2, 0x04, 
0x1C, 0x40, 0x80, 0x00, 0x7B, 0x0E, 0x58, 0x67, 0xAB, 0x40, 0x56, 0x81, 0x30, 0xE4, 0x92, 0x95, 
0x1A, 0xC2, 0x00, 0x02, 0x10, 0xAC, 0x90, 0xC3, 0x0A, 0xDE, 0xAE, 0x49, 0x08, 0x03, 0x07, 0x38, 
0xE0, 0x9C, 0xAC, 0x99, 0x81, 0x16, 0x9F, 0x9A, 0x04, 0x01, 0x60, 0x08, 0x0C, 0xDF, 0x1A, 0x2A, 
0x30, 0xBD, 0x86, 0xA8, 0x8A, 0x9E, 0x5E, 0xE5, 0xA5, 0x7B, 0xD2, 0x69, 0x08, 0x4E, 0x4A, 0x10, 
0x03, 0x02, 0x47, 0x3C, 0x69, 0x5E, 0xF8, 0x26, 0x34, 0xC0, 0x03, 0x11, 0x18, 0x42, 0xE7, 0x4B, 
0x55, 0x15, 0x70, 0x00, 0xC4, 0x0F, 0xB5, 0xC9, 0x51, 0xC5, 0x6E, 0x35, 0xC0, 0x01, 0x02, 0xEB, 
0xBA, 0xE9, 0x92, 0x5D, 0x1F, 0x3B, 0x9C, 0x90, 0x09, 0xF8, 0x81, 0xCA, 0xD0, 0x00, 0x13, 0x40, 
0x90, 0xA0, 0x99, 0x36, 0x39, 0x85, 0x81, 0x03, 0x07, 0xC8, 0xEB, 0xF2, 0x40, 0xB9, 0x75, 0xA0, 
0xC3, 0x90, 0xF8, 0x22, 0x37, 0x88, 0xC9, 0x28, 0x23, 0xC0, 0xA5, 0x9D, 0x04, 0x75, 0x96, 0x50, 
0x62, 0x05, 0xC4, 0x9B, 0x20, 0x41, 0xEC, 0x72, 0x30, 0x41, 0x03, 0x12, 0xC8, 0xCC, 0x63, 0x41, 
0x34, 0xDB, 0x1C, 0x25, 0x6B, 0x15, 0x65, 0xF0, 0x01, 0x61, 0x30, 0x0D, 0x80, 0xAC, 0x02, 0xF5, 
0x55, 0xAA, 0x40, 0x01, 0x57, 0x7B, 0x2A, 0x33, 0x65, 0x58, 0x15, 0x66, 0x1A, 0xD2, 0xEB, 0x2E, 
0x0D, 0x51, 0x09, 0x32, 0xA5, 0x70, 0xC1, 0x6B, 0xB4, 0x0A, 0x42, 0x50, 0xD2, 0x50, 0x6E, 0x93, 
0x8C, 0xE1, 0x01, 0xE3, 0x85, 0x54, 0xC4, 0x03, 0x36, 0x1B, 0x12, 0x41, 0x64, 0x16, 0x25, 0x31, 
0xC1, 0x4A, 0x0E, 0xA5, 0x97, 0x69, 0x42, 0x0A, 0xA8, 0x8B, 0x40, 0x04, 0x0A, 0xB8, 0x6B, 0x03, 
0x02, 0x0E, 0x97, 0x57, 0x11, 0x10, 0x68, 0x26, 0x98, 0x1B, 0x0C, 0x2E, 0x30, 0xC0, 0x80, 0xA0, 
0x26, 0x21, 0x60, 0xC8, 0xBC, 0x86, 0xA2, 0x6E, 0xD3, 0xCF, 0x06, 0x05, 0x04, 0x00, 0x21, 0xF9, 
0x04, 0x05, 0x0A, 0x00, 0x86, 0x00, 0x2C, 0x20, 0x00, 0x08, 0x00, 0x42, 0x00, 0x30, 0x00, 0x00, 
0x08, 0xFF, 0x00, 0x0D, 0x09, 0x1C, 0x48, 0xB0, 0xA0, 0xC1, 0x83, 0x03, 0x09, 0x20, 0x5C, 0xC8, 
0xB0, 0xA1, 0xC3, 0x87, 0x86, 0x24, 0x84, 0xC8, 0xA0, 0x10, 0xA2, 0xC5, 0x8B, 0x16, 0x07, 0xF1, 
0x40, 0xF2, 0x61, 0x00, 0xC6, 0x8F, 0x20, 0x11, 0x56, 0x50, 0x22, 0x23, 0xA4, 0x49, 0x93, 0x03, 
0x1E, 0x74, 0x38, 0xC9, 0x12, 0xE3, 0xA0, 0x00, 0x14, 0x36, 0x5C, 0x68, 0xC9, 0xB2, 0x62, 0xC3, 
0x97, 0x14, 0x52, 0xD0, 0x34, 0x49, 0x20, 0xC3, 0x44, 0x9B, 0x0B, 0x07, 0x7C, 0x18, 0xB1, 0x33, 
0xA4, 0xD0, 0x11, 0x1F, 0x16, 0x14, 0x5D, 0x7A, 0x30, 0xA7, 0x03, 0xA6, 0x04, 0x87, 0x10, 0x5D, 
0xBA, 0x01, 0xAA, 0x40, 0x0A, 0x44, 0x3A, 0xA8, 0xF0, 0x68, 0x95, 0x29, 0x08, 0x0B, 0x1A, 0x1A, 
0x0C, 0xEA, 0x0A, 0x55, 0x40, 0x00, 0x09, 0x64, 0xAD, 0x8E, 0x4D, 0x6B, 0x10, 0x80, 0x02, 0xB6, 
0x4C, 0x3D, 0x5C, 0x10, 0x00, 0x77, 0x67, 0x01, 0xB0, 0x01, 0xD6, 0xD6, 0x65, 0x69, 0x16, 0xED, 
0x5E, 0x84, 0x00, 0x0C, 0x0E, 0x00, 0x4A, 0x50, 0xEF, 0x5F, 0x82, 0x13, 0x38, 0x40, 0x40, 0x60, 
0x42, 0xA0, 0x82, 0x02, 0x09, 0xB8, 0x1E, 0x7E, 0x38, 0xA0, 0xC1, 0x84, 0x02, 0x6F, 0x0D, 0x21, 
0xD8, 0x50, 0x20, 0xEF, 0x64, 0x86, 0x6B, 0x0B, 0x0D, 0x1A, 0x10, 0x80, 0xA0, 0x07, 0x0B, 0x74, 
0x3F, 0x1B, 0x1E, 0x68, 0x76, 0xB0, 0xC0, 0x42, 0x06, 0x0B, 0x7C, 0x36, 0xD4, 0xB7, 0xA0, 0x06, 
0x0B, 0x90, 0x95, 0xCE, 0x46, 0x78, 0x37, 0xAC, 0x5E, 0x01, 0x16, 0x48, 0x1C, 0x78, 0xBA, 0x7B, 
0xA1, 0x87, 0x0E, 0x13, 0xB8, 0xBE, 0xD4, 0xD0, 0xE1, 0x40, 0x71, 0x86, 0x0C, 0x10, 0x70, 0x10, 
0x2B, 0x50, 0x82, 0xE5, 0xE7, 0x0D, 0x01, 0x40, 0x48, 0x3E, 0x70, 0x35, 0x76, 0x83, 0x84, 0x10, 
0x74, 0xFF, 0xF6, 0x0E, 0x72, 0x90, 0xF9, 0xB4, 0x6E, 0x53, 0x9B, 0x34, 0x4F, 0xBA, 0xF5, 0x79, 
0xAB, 0x06, 0x4E, 0x12, 0x20, 0x5D, 0xE1, 0xC1, 0xDD, 0x02, 0x0F, 0x2A, 0x04, 0x70, 0xFD, 0x9D, 
0xE0, 0x80, 0x04, 0x98, 0x45, 0x80, 0x00, 0x00, 0x08, 0x44, 0xF0, 0x58, 0x02, 0x0B, 0x90, 0xB7, 
0xDB, 0x4B, 0x05, 0x1C, 0x00, 0x00, 0x00, 0x84, 0x44, 0xF8, 0xE0, 0x01, 0x22, 0x3C, 0xD0, 0x80, 
0x5F, 0xDF, 0x0D, 0x22, 0x80, 0x02, 0x10, 0x46, 0xE8, 0x21, 0x21, 0xD1, 0x75, 0xA0, 0x83, 0x58, 
0x85, 0x94, 0xB8, 0x97, 0x6C, 0x06, 0x69, 0xC8, 0xE1, 0x87, 0x2C, 0x9A, 0x80, 0x9C, 0x21, 0x25, 
0xC6, 0x98, 0xD6, 0x06, 0x51, 0x40, 0x41, 0x03, 0x61, 0x0C, 0x3A, 0xF8, 0x60, 0x87, 0x1F, 0x8A, 
0x97, 0x57, 0x8C, 0x26, 0x76, 0x75, 0x81, 0x13, 0x4F, 0x84, 0x40, 0x98, 0x21, 0xFF, 0x61, 0x66, 
0x80, 0x01, 0x11, 0x90, 0xC0, 0x62, 0x7A, 0x83, 0x00, 0x19, 0xA4, 0x55, 0x02, 0xF0, 0x80, 0x21, 
0x41, 0xF3, 0xA1, 0xD0, 0x42, 0x0B, 0x4C, 0x5C, 0x11, 0x01, 0x8F, 0x84, 0x00, 0x60, 0x80, 0x00, 
0x51, 0x4A, 0x99, 0x96, 0x82, 0x59, 0x6E, 0xD9, 0xE5, 0x97, 0x1F, 0x1A, 0xA2, 0x00, 0x99, 0x52, 
0x4E, 0xF9, 0x57, 0x92, 0x86, 0x2C, 0xD9, 0xE4, 0x40, 0x84, 0x68, 0x36, 0x5E, 0x9C, 0xB0, 0x1D, 
0x96, 0xE3, 0x8E, 0x81, 0x11, 0xA4, 0x5D, 0x72, 0x7C, 0xF6, 0xF9, 0x97, 0x8A, 0x60, 0x12, 0xC4, 
0xC0, 0x01, 0x05, 0x90, 0x18, 0xE7, 0x4E, 0x2B, 0x41, 0x84, 0x28, 0x8B, 0x02, 0x01, 0x30, 0x5C, 
0x64, 0x85, 0x1E, 0xA4, 0xE0, 0x42, 0x32, 0xA4, 0x10, 0xA9, 0x43, 0x7F, 0x7E, 0x48, 0x20, 0x04, 
0xB9, 0x11, 0xC0, 0xE7, 0x41, 0xB5, 0x1D, 0x14, 0xC1, 0x03, 0x05, 0x1D, 0xA5, 0x42, 0x03, 0x10, 
0x25, 0x48, 0xB9, 0xD8, 0x83, 0x08, 0x40, 0xC0, 0xC1, 0x04, 0x0D, 0x0C, 0x76, 0xAA, 0x41, 0x17, 
0x5C, 0x10, 0x56, 0x09, 0x05, 0x85, 0xA9, 0x40, 0x05, 0x05, 0xF5, 0x14, 0x82, 0x64, 0x0E, 0xCD, 
0x67, 0x19, 0x66, 0x8F, 0xE1, 0x3A, 0x40, 0x99, 0x66, 0x2E, 0x64, 0x02, 0x04, 0x27, 0x80, 0xE7, 
0xA3, 0x77, 0x47, 0x82, 0xDA, 0x5E, 0x6B, 0x30, 0x3E, 0xDA, 0x10, 0x21, 0x24, 0x20, 0xB4, 0x1D, 
0xB2, 0x2D, 0x99, 0xF7, 0x1E, 0x54, 0xB0, 0x12, 0x14, 0x10, 0x00, 0x21, 0xF9, 0x04, 0x05, 0x0A, 
0x00, 0x86, 0x00, 0x2C, 0x31, 0x00, 0x24, 0x00, 0x14, 0x00, 0x14, 0x00, 0x00, 0x08, 0xC5, 0x00, 
0x0D, 0x09, 0x1C, 0x28, 0xB0, 0x90, 0x41, 0x82, 0x08, 0x13, 0x1A, 0x1A, 0xC4, 0x90, 0xE1, 0x41, 
0x85, 0x04, 0x05, 0x48, 0x94, 0x18, 0x60, 0xC0, 0xA0, 0x87, 0x04, 0x09, 0x2C, 0x18, 0x68, 0xA0, 
0xA3, 0x82, 0x02, 0x13, 0x1A, 0x0C, 0x20, 0x50, 0x28, 0xE3, 0x02, 0x0C, 0x0E, 0x06, 0x02, 0x58, 
0x89, 0x00, 0x42, 0x81, 0x04, 0x0B, 0x48, 0x0E, 0x1C, 0x90, 0xC0, 0xC1, 0x01, 0x06, 0x09, 0x01, 
0x1C, 0x70, 0x80, 0x21, 0x66, 0xC9, 0x41, 0x01, 0x0A, 0xDC, 0x24, 0xA4, 0x90, 0xC1, 0xCE, 0x04, 
0x03, 0x7E, 0x0A, 0x50, 0x00, 0x80, 0x90, 0xD3, 0xA7, 0x04, 0x8D, 0x16, 0x08, 0x70, 0x71, 0x90, 
0x00, 0x03, 0x4D, 0x9F, 0x42, 0x55, 0xA9, 0x40, 0x40, 0x55, 0x01, 0x17, 0x4C, 0x68, 0xD5, 0xCA, 
0xD5, 0x6B, 0x21, 0xA0, 0x1A, 0x20, 0x90, 0x18, 0xEB, 0x74, 0x20, 0x82, 0xA9, 0x17, 0x0D, 0x49, 
0x68, 0x70, 0x22, 0x42, 0xD6, 0xAD, 0x86, 0x00, 0x40, 0x98, 0x90, 0xB4, 0xA4, 0xA1, 0x12, 0x2D, 
0xB0, 0x92, 0x75, 0xCB, 0xA1, 0x41, 0x5C, 0x82, 0x06, 0x20, 0xEA, 0xE5, 0x8B, 0x11, 0xA2, 0x40, 
0xA9, 0x86, 0xFD, 0x3A, 0xCE, 0x6B, 0xE8, 0x68, 0xDF, 0xC9, 0x86, 0x10, 0x44, 0xF8, 0x08, 0x53, 
0xE6, 0x64, 0x0B, 0x05, 0x1E, 0x54, 0x08, 0x60, 0x88, 0x00, 0xE6, 0x81, 0x15, 0x07, 0x9D, 0x4E, 
0x28, 0x39, 0x61, 0x40, 0x00, 0x21, 0xF9, 0x04, 0x05, 0x0A, 0x00, 0x86, 0x00, 0x2C, 0x2A, 0x00, 
0x12, 0x00, 0x1A, 0x00, 0x26, 0x00, 0x00, 0x08, 0xFF, 0x00, 0x0D, 0x09, 0x1C, 0x48, 0x50, 0xE0, 
0x8B, 0x08, 0x26, 0x0C, 0xB5, 0xB8, 0x31, 0x68, 0x50, 0xC1, 0x87, 0x05, 0x07, 0x49, 0x39, 0x68, 
0x22, 0xC2, 0x89, 0x16, 0x02, 0x02, 0x48, 0x80, 0x08, 0x71, 0x40, 0x83, 0x07, 0x22, 0x10, 0x30, 
0x20, 0x11, 0xC1, 0xC0, 0x05, 0x0D, 0x01, 0x1C, 0x72, 0x14, 0x98, 0x61, 0x41, 0x82, 0x02, 0x10, 
0x44, 0x12, 0x22, 0x04, 0x00, 0x00, 0x09, 0x0B, 0x02, 0x54, 0xAE, 0x5C, 0x80, 0xC1, 0xC1, 0x01, 
0x00, 0x33, 0x67, 0x32, 0x40, 0xD0, 0x01, 0xA5, 0xCE, 0x87, 0x04, 0x78, 0xFA, 0x64, 0x10, 0xB4, 
0xE6, 0x01, 0x11, 0x0F, 0x1A, 0x6C, 0xE4, 0x98, 0xB4, 0xE7, 0x01, 0xA6, 0x34, 0x11, 0x44, 0x50, 
0x50, 0x20, 0xC1, 0x82, 0xA3, 0x0F, 0x95, 0x5E, 0x25, 0x34, 0x14, 0x02, 0x87, 0x07, 0x15, 0x0C, 
0x0D, 0x20, 0xB0, 0xD2, 0xD0, 0x8B, 0x17, 0x22, 0xC6, 0x12, 0x42, 0x00, 0xB5, 0xC1, 0x80, 0xB6, 
0x04, 0x23, 0x44, 0x90, 0x49, 0x13, 0xC2, 0x83, 0xAF, 0x78, 0x07, 0xEE, 0x05, 0x2A, 0xF4, 0x40, 
0x81, 0x06, 0x60, 0x57, 0x56, 0x38, 0x11, 0x81, 0xF0, 0x5C, 0x11, 0x09, 0xEE, 0x06, 0x16, 0x78, 
0x83, 0x89, 0x01, 0xC2, 0x00, 0x22, 0xFC, 0x65, 0x3B, 0x59, 0xED, 0x83, 0xC6, 0x33, 0x01, 0x28, 
0xA8, 0x90, 0x78, 0xE5, 0xA0, 0x00, 0x05, 0x10, 0x04, 0x45, 0x50, 0x20, 0x65, 0x67, 0x43, 0x83, 
0x04, 0x28, 0xC0, 0xAC, 0x59, 0x72, 0xE7, 0xD8, 0x97, 0x43, 0x1B, 0x20, 0xFD, 0x1A, 0xB6, 0x80, 
0xDC, 0x34, 0x0D, 0xE4, 0xEC, 0x8D, 0x1B, 0xB3, 0x82, 0xE1, 0xAF, 0x8B, 0xCF, 0x64, 0xED, 0xDA, 
0x50, 0xA1, 0xE7, 0xD0, 0x0B, 0x41, 0x2C, 0x21, 0x1B, 0x68, 0xE6, 0x07, 0x77, 0xA3, 0x6B, 0x7F, 
0x5E, 0x10, 0x45, 0x0B, 0x0E, 0x3F, 0x45, 0x93, 0x4D, 0xDE, 0x4E, 0x5E, 0xFA, 0xC0, 0xB7, 0x1C, 
0x3A, 0xE0, 0x68, 0x3D, 0xA8, 0x3C, 0x79, 0x82, 0x15, 0x7A, 0xA8, 0x18, 0xF1, 0x61, 0x80, 0xFB, 
0xF2, 0x04, 0x4B, 0x0C, 0x08, 0x91, 0x81, 0xC0, 0xFD, 0xF7, 0x05, 0xB1, 0xF5, 0x1F, 0x7E, 0x0F, 
0x0D, 0x08, 0x60, 0x41, 0x06, 0x6E, 0x07, 0x51, 0x82, 0xDA, 0x71, 0xC4, 0x20, 0x77, 0x2B, 0x3D, 
0xD8, 0x16, 0x83, 0x78, 0x51, 0x38, 0xA1, 0x81, 0x93, 0x61, 0x18, 0xD8, 0x80, 0xBD, 0x11, 0xD8, 
0x9B, 0x40, 0xD0, 0xAD, 0x14, 0x10, 0x00, 0x21, 0xF9, 0x04, 0x05, 0x0A, 0x00, 0x86, 0x00, 0x2C, 
0x29, 0x00, 0x08, 0x00, 0x32, 0x00, 0x27, 0x00, 0x00, 0x08, 0xFF, 0x00, 0x0D, 0x09, 0x1C, 0x48, 
0xB0, 0xA0, 0x41, 0x43, 0x85, 0x0E, 0x2A, 0x5C, 0xC8, 0xB0, 0xE1, 0xC0, 0x42, 0x83, 0x06, 0x25, 
0x3C, 0x38, 0xD1, 0xA1, 0xC5, 0x85, 0x85, 0x24, 0x04, 0x08, 0x20, 0xE1, 0x60, 0x80, 0x01, 0x04, 
0x2E, 0x8A, 0x3C, 0xD8, 0x00, 0x04, 0x88, 0x83, 0x16, 0x0A, 0x24, 0x18, 0x50, 0x71, 0xE4, 0xC8, 
0x09, 0x31, 0x16, 0x6E, 0xA0, 0x10, 0xC0, 0xA5, 0x4D, 0x8B, 0x14, 0x6E, 0xEA, 0xDC, 0xC9, 0xB3, 
0xA7, 0xCF, 0x9F, 0x40, 0x83, 0xF2, 0x9C, 0x00, 0xC1, 0x83, 0x21, 0x01, 0x12, 0x5B, 0x0A, 0x55, 
0x08, 0xB1, 0x01, 0x87, 0x0D, 0x06, 0x2A, 0x24, 0x55, 0xAA, 0x93, 0xAA, 0xC1, 0x42, 0x58, 0x07, 
0xBC, 0x80, 0xD0, 0xE1, 0x01, 0x4B, 0xAC, 0x56, 0x47, 0x46, 0x94, 0xA8, 0x50, 0x02, 0xD8, 0x42, 
0x5A, 0x23, 0x1C, 0x28, 0x10, 0x60, 0x2A, 0xCF, 0x00, 0x02, 0x04, 0x70, 0x64, 0x0A, 0x76, 0x50, 
0x80, 0x02, 0x08, 0x00, 0x28, 0xA8, 0x70, 0x23, 0x62, 0x58, 0x91, 0x0A, 0x2E, 0x68, 0xA0, 0x88, 
0x75, 0xEC, 0x8D, 0x0A, 0x0A, 0x04, 0x46, 0x38, 0xD1, 0x42, 0xEE, 0x80, 0xB1, 0x3B, 0x8D, 0x5E, 
0x8D, 0x38, 0x00, 0xAE, 0x80, 0x16, 0x27, 0x22, 0x00, 0x20, 0x44, 0x22, 0x82, 0x01, 0x05, 0x05, 
0x1E, 0x54, 0x90, 0xBB, 0x00, 0x45, 0xD0, 0xCA, 0x15, 0x1E, 0x14, 0x50, 0x60, 0xC0, 0x40, 0x04, 
0x12, 0x84, 0x62, 0x03, 0x98, 0x8D, 0xC0, 0x33, 0x68, 0xD1, 0x02, 0x82, 0xAE, 0x8E, 0x90, 0x77, 
0xF6, 0xE6, 0xD8, 0xC0, 0x65, 0xD3, 0xEE, 0xA0, 0xA3, 0x41, 0x09, 0x9E, 0x00, 0x10, 0x0C, 0x9C, 
0xCD, 0xC0, 0x90, 0xEF, 0xE7, 0xD0, 0x7D, 0x93, 0xB0, 0x80, 0x74, 0x27, 0x07, 0x08, 0x2E, 0x00, 
0x2C, 0xAF, 0xDD, 0xBA, 0xBB, 0xF7, 0xEF, 0x06, 0x04, 0xB7, 0x96, 0xDD, 0x89, 0xE2, 0x8A, 0x66, 
0x42, 0x0C, 0x10, 0x40, 0xE0, 0x80, 0x3B, 0xAE, 0xFB, 0xF7, 0xF0, 0xE7, 0xEA, 0x24, 0xB0, 0xE0, 
0x85, 0x66, 0x06, 0x07, 0x44, 0x3C, 0x68, 0xF0, 0x78, 0xAC, 0xFF, 0xFF, 0xFE, 0xF1, 0x64, 0x17, 
0x5E, 0xF8, 0x39, 0x80, 0xC1, 0x02, 0x49, 0x2D, 0xB5, 0xD0, 0x20, 0x02, 0x28, 0xA0, 0x9D, 0x08, 
0x07, 0x12, 0x00, 0x96, 0x82, 0x0A, 0x31, 0x68, 0x80, 0x07, 0x10, 0x3C, 0xB0, 0x80, 0x84, 0x58, 
0x51, 0x58, 0xA1, 0x00, 0x17, 0xCC, 0x50, 0x40, 0x03, 0x53, 0xFD, 0xA5, 0xA0, 0x5D, 0x20, 0x50, 
0xB0, 0xD2, 0x59, 0x26, 0x2A, 0xA8, 0xD1, 0x47, 0x1C, 0x4E, 0xE8, 0x21, 0x45, 0x7E, 0xB1, 0xD8, 
0xE2, 0x52, 0x25, 0x9E, 0x35, 0xA3, 0x42, 0x30, 0xDA, 0xB8, 0xA3, 0x42, 0x2B, 0xB2, 0xF8, 0x23, 
0x8F, 0x25, 0x0E, 0x79, 0x50, 0x4E, 0x45, 0x1A, 0x39, 0xD0, 0x0C, 0x1D, 0x4C, 0xC0, 0x12, 0x42, 
0x4A, 0x16, 0x64, 0x81, 0x06, 0x24, 0xDE, 0xB8, 0x23, 0x47, 0x56, 0xFE, 0x98, 0xE5, 0x8C, 0x01, 
0x01, 0x00, 0x21, 0xF9, 0x04, 0x05, 0x0A, 0x00, 0x86, 0x00, 0x2C, 0x24, 0x00, 0x16, 0x00, 0x25, 
0x00, 0x1F, 0x00, 0x00, 0x08, 0xFF, 0x00, 0x0D, 0x09, 0x1C, 0x48, 0xB0, 0x20, 0x41, 0x0A, 0x86, 
0x4C, 0x58, 0x10, 0x30, 0xA8, 0x50, 0x21, 0x83, 0x10, 0x23, 0x0E, 0x74, 0x58, 0x68, 0x50, 0x00, 
0x0A, 0x1B, 0x36, 0x14, 0x08, 0xD0, 0x90, 0xA2, 0x43, 0x89, 0x11, 0x3D, 0x52, 0x1C, 0x90, 0x80, 
0x02, 0x85, 0x04, 0x03, 0x44, 0x3A, 0xB4, 0x08, 0x92, 0xE0, 0xA0, 0x8E, 0x1E, 0x09, 0x0C, 0x08, 
0x10, 0x60, 0x00, 0x01, 0x95, 0x0E, 0x25, 0x04, 0x68, 0x69, 0xE8, 0x41, 0x85, 0x9A, 0x37, 0x45, 
0xBE, 0xC4, 0xE9, 0xF1, 0xA5, 0x44, 0x13, 0x07, 0x3A, 0x28, 0x28, 0x80, 0x92, 0xA8, 0x53, 0x8F, 
0x11, 0x0B, 0x28, 0x30, 0x10, 0x01, 0x81, 0x46, 0x8E, 0x4F, 0x9F, 0x46, 0x0C, 0x20, 0xC0, 0xC7, 
0x0E, 0x18, 0x1E, 0x16, 0xC2, 0xCC, 0x2A, 0x32, 0xE4, 0xA0, 0x12, 0x28, 0x0A, 0x64, 0xDC, 0x38, 
0x96, 0xEC, 0xC7, 0x90, 0x15, 0x03, 0x80, 0xB0, 0xC0, 0x34, 0x25, 0xCF, 0xBB, 0x02, 0x29, 0xEA, 
0x14, 0x50, 0x13, 0xEF, 0x5D, 0x33, 0x63, 0x5F, 0x36, 0xF4, 0xDB, 0x52, 0x45, 0x03, 0x9B, 0x2A, 
0x09, 0x83, 0x6C, 0x20, 0x20, 0xCC, 0x87, 0x05, 0x41, 0xDF, 0x2A, 0x36, 0x24, 0x98, 0x60, 0x09, 
0x01, 0x4A, 0xD2, 0x60, 0x80, 0x4C, 0x71, 0xF2, 0xA0, 0x99, 0x7C, 0x6D, 0x0A, 0x1C, 0x54, 0xC1, 
0xC0, 0x0C, 0x07, 0x9B, 0x09, 0x78, 0x1E, 0xD0, 0x60, 0x42, 0x01, 0xBA, 0x1F, 0x32, 0x08, 0x5C, 
0xF0, 0x20, 0x02, 0x80, 0x03, 0xA8, 0x21, 0xFB, 0xFD, 0xDC, 0x9A, 0x03, 0x04, 0x04, 0x26, 0x52, 
0x8C, 0x08, 0x41, 0xA0, 0xC2, 0x03, 0x11, 0x08, 0x08, 0x31, 0xC0, 0xBD, 0x79, 0x50, 0xCB, 0x97, 
0xAC, 0x27, 0xF8, 0x46, 0x00, 0x60, 0xB9, 0x83, 0xD8, 0x02, 0xAB, 0x32, 0x20, 0xA4, 0xFC, 0x80, 
0x88, 0x07, 0x87, 0x05, 0x8B, 0xB7, 0x87, 0x1E, 0xC0, 0xF8, 0xF4, 0xEA, 0xB7, 0x73, 0xAB, 0x16, 
0xC8, 0xBD, 0x3D, 0x03, 0x04, 0x10, 0x38, 0xF8, 0x14, 0x40, 0xBF, 0xBE, 0x00, 0xE3, 0x52, 0xAB, 
0xA2, 0x87, 0xCF, 0x54, 0xF7, 0x40, 0x00, 0xED, 0xB5, 0x07, 0x00, 0x02, 0x11, 0x18, 0x60, 0xE0, 
0x81, 0x07, 0xEA, 0x07, 0xE0, 0x7B, 0xF1, 0x4D, 0x70, 0xD8, 0x7A, 0x02, 0x51, 0x45, 0x42, 0x80, 
0x02, 0x02, 0x60, 0xE1, 0x85, 0x18, 0x72, 0x67, 0xA1, 0x77, 0xE0, 0x0D, 0xE0, 0x5C, 0x41, 0x2D, 
0x9C, 0x60, 0x1B, 0x85, 0x24, 0x92, 0x38, 0x60, 0x04, 0x4B, 0x25, 0xB0, 0xC0, 0x87, 0x06, 0xDD, 
0xD0, 0x82, 0x01, 0x00, 0x96, 0x18, 0x20, 0x86, 0xF0, 0xC9, 0xF7, 0x93, 0x68, 0x11, 0x0D, 0x22, 
0x80, 0x02, 0x31, 0x9A, 0x68, 0x21, 0x81, 0x06, 0x2E, 0xE5, 0xA0, 0x87, 0x2C, 0x46, 0x84, 0x56, 
0x01, 0x07, 0x6C, 0x37, 0x23, 0x90, 0x4B, 0xCD, 0x17, 0x5A, 0x91, 0x2D, 0x19, 0x27, 0x42, 0x92, 
0x84, 0xFC, 0x18, 0xDF, 0x7C, 0x35, 0x89, 0x37, 0x59, 0x0B, 0x3F, 0x38, 0x70, 0x00, 0x81, 0x42, 
0x86, 0x67, 0xD4, 0x64, 0x05, 0x49, 0x51, 0x12, 0x05, 0x3E, 0xA1, 0xB0, 0x22, 0x99, 0x12, 0xC9, 
0x44, 0xD3, 0x00, 0x52, 0x34, 0xC0, 0x26, 0x4F, 0xD0, 0xCD, 0x09, 0x51, 0x40, 0x00, 0x21, 0xF9, 
0x04, 0x05, 0x0A, 0x00, 0x86, 0x00, 0x2C, 0x23, 0x00, 0x08, 0x00, 0x38, 0x00, 0x34, 0x00, 0x00, 
0x08, 0xFF, 0x00, 0x0D, 0x09, 0x1C, 0x48, 0xB0, 0xA0, 0xC1, 0x83, 0x04, 0x0E, 0x2A, 0x5C, 0xC8, 
0xB0, 0xE1, 0x42, 0x09, 0x21, 0x32, 0x24, 0x3C, 0x38, 0xC8, 0xA1, 0xC5, 0x8B, 0x03, 0x07, 0xF1, 
0x40, 0xF2, 0x61, 0xC0, 0x41, 0x01, 0x01, 0x24, 0x60, 0x1C, 0xD9, 0xB0, 0x82, 0x12, 0x19, 0x07, 
0x2F, 0x5C, 0xD0, 0x10, 0xA0, 0x22, 0xC9, 0x97, 0x05, 0x1F, 0x74, 0x58, 0xE8, 0xC1, 0x82, 0x00, 
0x98, 0x38, 0x31, 0x16, 0xC8, 0xC9, 0xB3, 0xA7, 0xCF, 0x9F, 0x40, 0x83, 0x0A, 0x1D, 0x4A, 0xB4, 
0xA8, 0xD1, 0xA2, 0x13, 0x8F, 0xC2, 0x1C, 0x10, 0x31, 0xA9, 0xD2, 0x8B, 0x0D, 0x54, 0x8C, 0xE8, 
0xC8, 0x13, 0x80, 0x02, 0xA1, 0x1D, 0x70, 0xEC, 0xE4, 0xE9, 0xE1, 0xC2, 0xCD, 0xA0, 0x26, 0x7A, 
0x16, 0xB0, 0xC0, 0xD2, 0xE5, 0x53, 0x8C, 0x20, 0x45, 0x9E, 0x25, 0x69, 0x76, 0xAD, 0xDB, 0xB7, 
0x70, 0xE3, 0xCA, 0x9D, 0x4B, 0xB7, 0x6E, 0x08, 0xA7, 0x75, 0x09, 0x7E, 0xC8, 0x50, 0xA8, 0x50, 
0xDE, 0x82, 0x01, 0x06, 0x10, 0xE8, 0xEB, 0xB7, 0x67, 0xE1, 0x9E, 0x83, 0x08, 0x13, 0xCE, 0x59, 
0x68, 0xD0, 0x80, 0x00, 0x3E, 0x15, 0x2B, 0x7E, 0xD9, 0x78, 0x40, 0x83, 0x09, 0x14, 0x28, 0x24, 
0xF0, 0x88, 0x73, 0x90, 0xE7, 0xCF, 0x8B, 0x2F, 0x56, 0xBE, 0xCC, 0x01, 0x02, 0x82, 0x0D, 0x14, 
0x5A, 0xC2, 0x14, 0xC0, 0xBA, 0x75, 0xE0, 0xC1, 0x87, 0x15, 0xF6, 0x25, 0x60, 0x79, 0x42, 0x69, 
0x04, 0x00, 0x18, 0x1C, 0x48, 0xDD, 0x76, 0xA4, 0x81, 0xDF, 0x0A, 0x2E, 0x14, 0xD8, 0x2C, 0xB9, 
0x38, 0xE1, 0x41, 0x0B, 0x12, 0x14, 0x30, 0x9D, 0x1B, 0xC0, 0x01, 0x07, 0x9B, 0xAB, 0x1E, 0x80, 
0x71, 0xBA, 0x40, 0x4B, 0xE3, 0x8A, 0x69, 0x37, 0x78, 0x20, 0xE2, 0x40, 0x73, 0x04, 0x10, 0x86, 
0x2F, 0xED, 0xC0, 0x4B, 0xF2, 0x80, 0x91, 0x23, 0x53, 0x4C, 0x28, 0x10, 0x90, 0x18, 0x7B, 0xE3, 
0xE4, 0xCB, 0x11, 0x18, 0x02, 0x00, 0x9E, 0xC3, 0x84, 0x06, 0x82, 0x79, 0x2A, 0x58, 0x91, 0xC3, 
0xC6, 0x81, 0xAE, 0xEC, 0x61, 0xE7, 0xD8, 0x76, 0xDD, 0x19, 0xC2, 0x40, 0x7D, 0xF7, 0x0D, 0xD0, 
0xDB, 0x6A, 0x28, 0x54, 0x00, 0x82, 0x4A, 0x65, 0x15, 0x37, 0xA0, 0x6D, 0xA6, 0x31, 0xE0, 0x9C, 
0x08, 0x0F, 0xE0, 0xB7, 0x60, 0x67, 0x83, 0x64, 0x10, 0x00, 0x6B, 0x21, 0x49, 0x36, 0xE1, 0x6D, 
0x00, 0xD0, 0x17, 0x5E, 0x02, 0x0B, 0x6C, 0xC8, 0x58, 0x5F, 0x9F, 0xB5, 0x37, 0x5B, 0x6D, 0x24, 
0x9A, 0x68, 0x1F, 0x7E, 0xE4, 0x21, 0xE6, 0xA2, 0x88, 0xF0, 0x31, 0x77, 0x20, 0x04, 0x33, 0x2A, 
0x68, 0x54, 0x88, 0x8A, 0x0D, 0xC8, 0x9D, 0x77, 0x16, 0x1E, 0x80, 0xA1, 0x86, 0x4F, 0x5D, 0x57, 
0x88, 0x76, 0x14, 0x22, 0x60, 0x21, 0x78, 0xE2, 0xA9, 0x48, 0x54, 0x62, 0xC8, 0x29, 0xC7, 0x9C, 
0x8C, 0x09, 0xD6, 0x68, 0x54, 0x45, 0x04, 0x12, 0x89, 0x20, 0x92, 0x6F, 0xC1, 0x58, 0x21, 0x21, 
0x08, 0x1C, 0xE9, 0xE3, 0x5B, 0x37, 0xE4, 0x88, 0x1B, 0x03, 0x16, 0x46, 0xF0, 0x40, 0x8A, 0x70, 
0x75, 0xD8, 0x25, 0x00, 0x84, 0x10, 0x42, 0x42, 0x13, 0x08, 0x18, 0x50, 0x81, 0x5C, 0x83, 0x04, 
0xA0, 0x41, 0x07, 0x4E, 0xD6, 0x09, 0x00, 0x18, 0x6F, 0xCC, 0x34, 0xD7, 0x20, 0x02, 0x58, 0xE0, 
0x41, 0x9D, 0x82, 0x1A, 0x70, 0x85, 0x0E, 0x74, 0xF5, 0x59, 0x00, 0x02, 0x8C, 0x0A, 0xB4, 0x55, 
0x5D, 0x03, 0x3C, 0x10, 0x01, 0x9D, 0x7F, 0x15, 0x54, 0xC1, 0x55, 0x9D, 0x0E, 0x14, 0x10, 0x00, 
0x21, 0xF9, 0x04, 0x05, 0x0A, 0x00, 0x86, 0x00, 0x2C, 0x23, 0x00, 0x23, 0x00, 0x36, 0x00, 0x1C, 
0x00, 0x00, 0x08, 0xFF, 0x00, 0x0D, 0x09, 0x1C, 0x48, 0xB0, 0xA0, 0xC1, 0x83, 0x04, 0x07, 0x21, 
0x5C, 0xC8, 0xB0, 0xA1, 0x43, 0x43, 0x83, 0x06, 0x04, 0x10, 0xF0, 0xB0, 0xA2, 0x45, 0x83, 0x11, 
0x1B, 0x4C, 0x28, 0x60, 0xA1, 0xC0, 0x87, 0x0C, 0x17, 0x43, 0x32, 0x24, 0x30, 0x40, 0x23, 0x07, 
0x08, 0x08, 0x4C, 0xA4, 0x18, 0x11, 0x82, 0x80, 0xC8, 0x97, 0x05, 0x17, 0x24, 0x28, 0x80, 0x12, 
0x00, 0x83, 0x03, 0x0E, 0x3E, 0x16, 0x82, 0xC9, 0xD3, 0x10, 0x06, 0x07, 0x07, 0x00, 0x10, 0x32, 
0x84, 0x13, 0xC3, 0x02, 0x97, 0x3D, 0x05, 0x52, 0x78, 0xC9, 0x60, 0x68, 0xD1, 0xA3, 0x3B, 0x7B, 
0x36, 0x39, 0x50, 0x20, 0x40, 0x43, 0xA4, 0x04, 0x19, 0x08, 0x2C, 0x90, 0x00, 0x6A, 0x52, 0x43, 
0x1B, 0xA2, 0x40, 0xA1, 0x81, 0xB5, 0x60, 0xA1, 0x41, 0x0B, 0x7E, 0x0E, 0x04, 0x70, 0x40, 0xC4, 
0x03, 0x81, 0x65, 0x93, 0x3A, 0x79, 0xD2, 0xD2, 0x60, 0x21, 0x92, 0x0D, 0x1E, 0x88, 0x38, 0x60, 
0x88, 0x01, 0x02, 0x08, 0x5C, 0x17, 0x7C, 0x3D, 0xC8, 0xC3, 0xEE, 0x59, 0x99, 0x34, 0x11, 0x30, 
0xB8, 0xE9, 0xB6, 0xC1, 0x80, 0xB8, 0x83, 0x0D, 0xE3, 0xD5, 0xCB, 0x97, 0x01, 0x5B, 0x07, 0x46, 
0x15, 0x46, 0x66, 0x58, 0xE8, 0xF0, 0x4C, 0x94, 0x8B, 0xFF, 0x06, 0x86, 0xBC, 0x79, 0x60, 0xE7, 
0xC9, 0x7B, 0xFB, 0xB2, 0x6D, 0xFC, 0xB8, 0xF4, 0xC1, 0xCE, 0x77, 0x11, 0x83, 0xF6, 0x0B, 0xB8, 
0xAB, 0x66, 0xD7, 0x66, 0x3B, 0xA3, 0xFD, 0x19, 0xD4, 0x72, 0xDB, 0x07, 0x8E, 0x49, 0x97, 0x86, 
0x8D, 0xFA, 0x40, 0xE8, 0xDA, 0x0B, 0x6E, 0xE3, 0x1E, 0x48, 0xE0, 0xB4, 0xEC, 0xBE, 0x8C, 0x81, 
0xB7, 0x8E, 0x6C, 0x15, 0x23, 0xF1, 0xB4, 0x40, 0x55, 0x3F, 0x55, 0x9E, 0xD4, 0x83, 0x02, 0x1F, 
0x28, 0x08, 0x36, 0x60, 0x87, 0xBD, 0x1B, 0x68, 0x53, 0x12, 0xC8, 0x85, 0xC3, 0x04, 0x40, 0x65, 
0x07, 0x87, 0x02, 0xA6, 0x4F, 0x97, 0xA4, 0x6C, 0xD9, 0x04, 0x84, 0x1A, 0x28, 0xA6, 0x97, 0x46, 
0x00, 0x03, 0x01, 0x41, 0xE7, 0x9F, 0x29, 0x86, 0x40, 0x04, 0x0A, 0x68, 0xD0, 0x40, 0x09, 0xCB, 
0x09, 0xC4, 0xD7, 0x7F, 0x85, 0x0C, 0x90, 0x00, 0x50, 0x00, 0x08, 0xE4, 0x56, 0x05, 0x09, 0x36, 
0x34, 0x48, 0x00, 0x05, 0x18, 0x37, 0x90, 0x51, 0x15, 0x1E, 0x14, 0xE1, 0x40, 0x02, 0x58, 0xD0, 
0x61, 0x43, 0x01, 0x8E, 0x68, 0x51, 0x49, 0x1B, 0x89, 0x68, 0xA2, 0x43, 0x67, 0x49, 0xB4, 0xA2, 
0x45, 0x51, 0x05, 0x04, 0x00, 0x21, 0xF9, 0x04, 0x05, 0x0A, 0x00, 0x86, 0x00, 0x2C, 0x00, 0x00, 
0x00, 0x00, 0x01, 0x00, 0x01, 0x00, 0x00, 0x08, 0x04, 0x00, 0x0D, 0x05, 0x04, 0x00, 0x21, 0xF9, 
0x04, 0x05, 0x0A, 0x00, 0x86, 0x00, 0x2C, 0x00, 0x00, 0x00, 0x00, 0x01, 0x00, 0x01, 0x00, 0x00, 
0x08, 0x04, 0x00, 0x0D, 0x05, 0x04, 0x00, 0x21, 0xF9, 0x04, 0x05, 0x0A, 0x00, 0x86, 0x00, 0x2C, 
0x00, 0x00, 0x00, 0x00, 0x01, 0x00, 0x01, 0x00, 0x00, 0x08, 0x04, 0x00, 0x0D, 0x05, 0x04, 0x00, 
0x21, 0xF9, 0x04, 0x05, 0x0A, 0x00, 0x86, 0x00, 0x2C, 0x00, 0x00, 0x00, 0x00, 0x01, 0x00, 0x01, 
0x00, 0x00, 0x08, 0x04, 0x00, 0x0D, 0x05, 0x04, 0x00, 0x21, 0xF9, 0x04, 0x05, 0x0A, 0x00, 0x86, 
0x00, 0x2C, 0x21, 0x00, 0x1A, 0x00, 0x38, 0x00, 0x25, 0x00, 0x00, 0x08, 0xFF, 0x00, 0x0D, 0x09, 
0x1C, 0x28, 0x90, 0x01, 0xC1, 0x83, 0x08, 0x13, 0x2A, 0x5C, 0xC8, 0x90, 0xE0, 0x03, 0x11, 0x07, 
0x00, 0x00, 0x68, 0x48, 0xB1, 0xA2, 0x45, 0x43, 0x0B, 0x12, 0x14, 0x50, 0x60, 0xE0, 0xA2, 0xC7, 
0x8F, 0x03, 0x09, 0x0C, 0x08, 0x20, 0x00, 0xA4, 0xC9, 0x8F, 0x83, 0x4E, 0xAA, 0x5C, 0xC9, 0xB2, 
0xA5, 0xCB, 0x97, 0x30, 0x63, 0xCA, 0x9C, 0x39, 0xB3, 0x90, 0x4D, 0x9A, 0x27, 0x6D, 0x0E, 0xDA, 
0x39, 0xA8, 0x10, 0xCE, 0x8B, 0x85, 0x76, 0x8E, 0x14, 0x20, 0x20, 0x80, 0x84, 0x9F, 0x14, 0x85, 
0x06, 0xA8, 0xF0, 0x60, 0xE3, 0x05, 0x0D, 0x01, 0x52, 0x22, 0x4D, 0x38, 0x68, 0x24, 0xD3, 0x8D, 
0x11, 0x10, 0x00, 0xF0, 0x60, 0x41, 0x80, 0xD4, 0xA9, 0x03, 0xAB, 0x36, 0x98, 0x80, 0x55, 0x2B, 
0x00, 0x06, 0x00, 0x0E, 0x14, 0x88, 0xFA, 0xB2, 0x00, 0x43, 0xA1, 0x63, 0x39, 0x40, 0x30, 0x6B, 
0x10, 0x00, 0x02, 0x08, 0x05, 0x12, 0x0C, 0x70, 0x39, 0xC5, 0x84, 0x82, 0x92, 0x08, 0xAB, 0x2E, 
0x7D, 0x20, 0x57, 0x2B, 0x21, 0x42, 0x13, 0x23, 0x28, 0x28, 0x30, 0xA1, 0xC1, 0x00, 0x02, 0x2E, 
0x0F, 0x78, 0xB8, 0xE0, 0x35, 0xAC, 0x58, 0xB2, 0x0A, 0xB2, 0x9E, 0x35, 0x64, 0x17, 0x02, 0x07, 
0x43, 0x15, 0x02, 0x0C, 0xF8, 0xEA, 0xF2, 0x29, 0x5B, 0xC1, 0x4C, 0x0B, 0x4B, 0x44, 0x8B, 0x40, 
0x31, 0x63, 0xC7, 0x86, 0x48, 0xC3, 0x0C, 0x90, 0xE1, 0x72, 0x59, 0x00, 0x87, 0x27, 0x7A, 0x7E, 
0x10, 0x7A, 0xB4, 0x4F, 0x9C, 0x25, 0x06, 0xC4, 0x9D, 0xBB, 0x5A, 0xE2, 0x5D, 0x0E, 0x8D, 0x47, 
0xF7, 0xFC, 0x79, 0x59, 0x75, 0xEE, 0xD6, 0x8B, 0x93, 0xF7, 0xBC, 0x49, 0x73, 0x80, 0xF0, 0x09, 
0xAA, 0xD1, 0x76, 0xE6, 0xC0, 0x5B, 0xF4, 0x74, 0xEA, 0x33, 0x0B, 0xBC, 0xA7, 0x78, 0x91, 0xDD, 
0xAE, 0x6B, 0xE9, 0xDF, 0x7F, 0xCB, 0x8C, 0xA1, 0xB5, 0xB5, 0x66, 0xE3, 0x11, 0x56, 0x74, 0xF7, 
0x6D, 0xB3, 0x3E, 0x4D, 0x10, 0xEC, 0x19, 0x20, 0x86, 0xAF, 0xC0, 0xC6, 0x8E, 0x17, 0x34, 0xEC, 
0x54, 0x9F, 0x7D, 0x34, 0x49, 0xD0, 0xC0, 0x43, 0x11, 0x6D, 0xF7, 0x00, 0x10, 0x67, 0x38, 0xA0, 
0x43, 0x54, 0x03, 0x82, 0xD7, 0x52, 0x03, 0x07, 0x05, 0x95, 0xD1, 0x46, 0x8B, 0x3D, 0xD0, 0x43, 
0x17, 0x6A, 0x7C, 0x91, 0x02, 0x65, 0xE9, 0xC1, 0x64, 0x02, 0x04, 0x27, 0x54, 0x90, 0xD0, 0x50, 
0x02, 0xA0, 0x50, 0x04, 0x0A, 0x01, 0x24, 0x31, 0x41, 0x07, 0x20, 0x12, 0xF8, 0x12, 0x21, 0x24, 
0x28, 0xB6, 0x02, 0x55, 0x83, 0x2C, 0xD0, 0x83, 0x21, 0x14, 0x50, 0xF0, 0x03, 0x10, 0x16, 0x74, 
0x35, 0xDD, 0x4C, 0x12, 0x4D, 0x54, 0xD1, 0x06, 0x05, 0x3C, 0xA0, 0x01, 0x08, 0x6C, 0xE1, 0x84, 
0x80, 0x47, 0x14, 0x08, 0x40, 0x21, 0x58, 0x1E, 0xE9, 0x45, 0xE5, 0x40, 0x06, 0x5D, 0x69, 0x11, 
0x06, 0x0E, 0x44, 0xA4, 0x65, 0x45, 0x17, 0x2A, 0x70, 0xC1, 0x97, 0x0D, 0x89, 0x44, 0x12, 0x99, 
0x15, 0x49, 0x15, 0x10, 0x00, 0x21, 0xF9, 0x04, 0x05, 0x0A, 0x00, 0x86, 0x00, 0x2C, 0x20, 0x00, 
0x08, 0x00, 0x3B, 0x00, 0x30, 0x00, 0x00, 0x08, 0xFF, 0x00, 0x0D, 0x09, 0x1C, 0x48, 0xB0, 0xA0, 
0xC1, 0x83, 0x03, 0x0B, 0x21, 0x5C, 0xC8, 0xB0, 0xA1, 0xC3, 0x83, 0x85, 0x06, 0x0D, 0x52, 0x08, 
0xF1, 0xA1, 0xC5, 0x8B, 0x09, 0x25, 0x04, 0x08, 0x20, 0xE1, 0x60, 0x80, 0x01, 0x04, 0x30, 0x8A, 
0x74, 0xD8, 0x00, 0x04, 0x88, 0x83, 0x16, 0x0A, 0x24, 0x18, 0x40, 0x71, 0xA4, 0xCB, 0x82, 0x13, 
0x62, 0x2C, 0xDC, 0x40, 0x21, 0xC0, 0xCB, 0x9B, 0x18, 0x29, 0xE0, 0xDC, 0xC9, 0xB3, 0xA7, 0xCF, 
0x9F, 0x40, 0x83, 0x0A, 0x1D, 0x4A, 0xB4, 0xA8, 0xD1, 0x84, 0x47, 0x71, 0x4A, 0x9C, 0x98, 0x74, 
0x64, 0x00, 0x01, 0x02, 0x38, 0xF6, 0x34, 0x61, 0x01, 0xA8, 0x82, 0x0B, 0x1A, 0x7C, 0x6E, 0x28, 
0x60, 0xF3, 0xA7, 0x07, 0x9F, 0x14, 0x28, 0xAC, 0x6C, 0xD9, 0xF4, 0xE2, 0xC7, 0x90, 0x65, 0x0D, 
0x01, 0xC0, 0x48, 0xF6, 0xE8, 0x04, 0x0E, 0x10, 0x10, 0x98, 0x48, 0x7B, 0x71, 0x40, 0x83, 0x09, 
0x05, 0x14, 0xD0, 0xB5, 0x18, 0x71, 0x40, 0xD7, 0xBD, 0x7C, 0x01, 0x0B, 0x1E, 0x4C, 0xB8, 0xB0, 
0xE1, 0xC3, 0x88, 0x2F, 0x16, 0x5A, 0xDC, 0xB6, 0xF0, 0x20, 0x81, 0x4B, 0x25, 0x36, 0x6E, 0x1A, 
0xF9, 0xB1, 0x5F, 0xA8, 0x98, 0xA3, 0x4A, 0x98, 0xFC, 0xB3, 0xB2, 0xC4, 0xCB, 0x98, 0x2B, 0x3C, 
0xC8, 0x6B, 0xA0, 0xB4, 0x01, 0xAC, 0x7F, 0x79, 0x1A, 0xD0, 0x6B, 0x68, 0xC1, 0xE7, 0xA7, 0x99, 
0x45, 0x93, 0x36, 0x1D, 0x01, 0xC1, 0x5A, 0xB5, 0x86, 0x3C, 0x5C, 0x10, 0xE0, 0x13, 0x80, 0xEF, 
0x03, 0x22, 0x1E, 0x54, 0x90, 0xAD, 0xC0, 0x74, 0xE9, 0xDA, 0xBE, 0x93, 0x1B, 0x22, 0xC4, 0x5C, 
0x2D, 0x00, 0xDD, 0x02, 0x1E, 0xBF, 0x64, 0x4E, 0x9D, 0x39, 0x03, 0x04, 0x11, 0x8E, 0xDB, 0x4E, 
0x9E, 0x9C, 0xFA, 0x5A, 0xDF, 0x6A, 0xB1, 0x97, 0xAA, 0x46, 0x2D, 0x5D, 0x24, 0x87, 0x08, 0x24, 
0xAA, 0x57, 0xE7, 0xEE, 0x9D, 0xBB, 0x6F, 0xF1, 0xA6, 0x15, 0x14, 0x10, 0x0E, 0x55, 0xAA, 0xCB, 
0x0A, 0x7A, 0x60, 0x30, 0x50, 0xCF, 0xDC, 0x3D, 0x00, 0xF8, 0xF1, 0xCD, 0x57, 0x41, 0x66, 0x1F, 
0x19, 0xB2, 0xD4, 0x4B, 0x83, 0x98, 0xF1, 0x45, 0x15, 0xFE, 0xFD, 0x97, 0x5D, 0x80, 0xF4, 0x11, 
0x38, 0x40, 0x64, 0x06, 0xFA, 0x94, 0xC1, 0x07, 0xB3, 0x41, 0x38, 0x20, 0x66, 0x1F, 0x79, 0x36, 
0x11, 0x63, 0x41, 0x11, 0xE0, 0x57, 0x05, 0x2D, 0xB4, 0x20, 0xA1, 0x67, 0x8C, 0xA5, 0xB8, 0x98, 
0x51, 0x0B, 0xA0, 0x50, 0x01, 0x0A, 0x06, 0x2E, 0xA5, 0xE2, 0x8C, 0x20, 0x96, 0x05, 0x42, 0x00, 
0x1F, 0xD2, 0x38, 0x63, 0x59, 0x1D, 0x6C, 0x30, 0x43, 0x4D, 0x39, 0x2E, 0x26, 0x59, 0x8A, 0x74, 
0xC9, 0x90, 0x42, 0x07, 0x2A, 0xB1, 0xC4, 0x98, 0x88, 0x1B, 0x6D, 0xC6, 0x59, 0x51, 0x03, 0x7C, 
0x30, 0x82, 0x0A, 0x0D, 0x80, 0x94, 0xE2, 0x85, 0x32, 0x9C, 0x24, 0x18, 0x01, 0x19, 0x84, 0x30, 
0x61, 0x8A, 0x83, 0x94, 0x10, 0xC2, 0x08, 0x88, 0x81, 0xE9, 0x57, 0x62, 0x09, 0x89, 0x78, 0x17, 
0x62, 0x01, 0x01, 0x00, 0x21, 0xF9, 0x04, 0x05, 0x0A, 0x00, 0x86, 0x00, 0x2C, 0x20, 0x00, 0x25, 
0x00, 0x2A, 0x00, 0x0C, 0x00, 0x00, 0x08, 0xA6, 0x00, 0x0B, 0x09, 0x1C, 0x48, 0xB0, 0xA0, 0xC1, 
0x82, 0x83, 0x12, 0x2A, 0x54, 0x78, 0x70, 0xA1, 0xC3, 0x87, 0x10, 0x15, 0x0E, 0x08, 0x20, 0xA0, 
0xA2, 0x45, 0x01, 0x01, 0x06, 0x30, 0x14, 0x48, 0xF1, 0xA2, 0xC7, 0x8F, 0x20, 0x2B, 0x3C, 0x28, 
0xA0, 0xC0, 0x80, 0x49, 0x93, 0x0A, 0x0A, 0x3C, 0xA8, 0x80, 0x71, 0x00, 0x81, 0x42, 0x1A, 0x2E, 
0x9C, 0x9C, 0x49, 0xB3, 0x26, 0xCD, 0x08, 0x08, 0x00, 0xE8, 0xDC, 0x09, 0x00, 0x41, 0x04, 0x03, 
0x29, 0x3F, 0x64, 0x28, 0x64, 0xC1, 0x03, 0xCF, 0xA3, 0x48, 0x93, 0xEA, 0x24, 0xC4, 0xB4, 0x69, 
0x53, 0x9D, 0x26, 0x52, 0x8C, 0x08, 0x41, 0xA0, 0xC0, 0x01, 0xA4, 0x4E, 0x95, 0x6A, 0x55, 0x7A, 
0xC0, 0x81, 0xD0, 0x42, 0x09, 0x48, 0xCE, 0xC4, 0xA9, 0xD3, 0xA7, 0xCD, 0xB3, 0x67, 0x53, 0x26, 
0x58, 0xF0, 0x72, 0xE2, 0x45, 0x91, 0x24, 0x53, 0xAE, 0x04, 0x49, 0x97, 0x6E, 0xC6, 0x97, 0x02, 
0x1F, 0xBA, 0x6D, 0x19, 0xB1, 0x6F, 0xC4, 0x83, 0x08, 0x37, 0x02, 0x1E, 0x4C, 0x38, 0xF0, 0xA0, 
0xC2, 0x88, 0x13, 0x17, 0x1A, 0xE4, 0x36, 0x80, 0x04, 0xC5, 0x90, 0x0B, 0x06, 0x04, 0x00, 0x21, 
0xF9, 0x04, 0x05, 0x0A, 0x00, 0x86, 0x00, 0x2C, 0x45, 0x00, 0x27, 0x00, 0x05, 0x00, 0x05, 0x00, 
0x00, 0x08, 0x1A, 0x00, 0x0D, 0x19, 0x92, 0x50, 0xC8, 0xD0, 0x05, 0x0D, 0x01, 0x06, 0x19, 0xF2, 
0x60, 0x41, 0xC0, 0xA0, 0x82, 0x05, 0x12, 0x0A, 0x34, 0x34, 0xA0, 0x60, 0x40, 0x00, 0x21, 0xF9, 
0x04, 0x05, 0x0A, 0x00, 0x86, 0x00, 0x2C, 0x20, 0x00, 0x22, 0x00, 0x29, 0x00, 0x0D, 0x00, 0x00, 
0x08, 0xE7, 0x00, 0x0D, 0x09, 0x14, 0x58, 0x00, 0xC3, 0x82, 0x41, 0x08, 0x13, 0x0E, 0x5C, 0xC8, 
0xB0, 0xA1, 0xC3, 0x86, 0x15, 0x1E, 0xF8, 0xA8, 0x20, 0xA0, 0x62, 0xC5, 0x00, 0x03, 0x12, 0x22, 
0x7C, 0xC8, 0xD1, 0xE1, 0x80, 0x1F, 0x2B, 0x14, 0x18, 0x18, 0x39, 0x52, 0x41, 0x81, 0x07, 0x14, 
0x2F, 0x66, 0x54, 0xD8, 0xD1, 0x61, 0x09, 0x14, 0x05, 0x0E, 0x00, 0x98, 0x49, 0x13, 0x00, 0x82, 
0x08, 0x24, 0x4D, 0xA2, 0x54, 0xD9, 0xB0, 0x90, 0x4F, 0x8F, 0x28, 0x6A, 0x40, 0x00, 0x40, 0xA8, 
0xA8, 0xD1, 0xA2, 0x35, 0x6D, 0xE2, 0x34, 0xA0, 0xB3, 0xC2, 0x42, 0x8C, 0x0A, 0x7F, 0x1A, 0x6A, 
0x30, 0x81, 0x03, 0x04, 0x12, 0x47, 0xB3, 0x6A, 0xAD, 0x79, 0x73, 0xA4, 0xC0, 0xA6, 0x2A, 0x09, 
0x14, 0x12, 0xD8, 0x01, 0x01, 0x51, 0xAD, 0x84, 0x6A, 0xA2, 0x45, 0x0A, 0x60, 0x61, 0x57, 0xA6, 
0x05, 0x12, 0x2C, 0x10, 0x2B, 0x30, 0x2B, 0x03, 0xA3, 0x24, 0x96, 0x46, 0x40, 0xC0, 0xB1, 0xA6, 
0x40, 0x9A, 0x86, 0x0E, 0x38, 0xF8, 0x90, 0x61, 0x2C, 0x43, 0x04, 0x30, 0x48, 0x18, 0x02, 0x00, 
0xE1, 0x44, 0x8B, 0x88, 0x05, 0x44, 0x92, 0x9C, 0x4C, 0x72, 0x2F, 0x43, 0x13, 0x29, 0x46, 0x84, 
0x20, 0xC0, 0x50, 0xC1, 0x8A, 0x1D, 0x11, 0x3C, 0x1C, 0x28, 0x80, 0xA2, 0xC4, 0xA0, 0x01, 0x01, 
0x2C, 0xAA, 0x56, 0x0D, 0x59, 0x41, 0x43, 0xC2, 0x0E, 0x51, 0x54, 0xD0, 0x61, 0x21, 0xEE, 0x00, 
0x9F, 0x85, 0x34, 0xEA, 0xD6, 0x88, 0xBA, 0x65, 0xC3, 0x0C, 0x02, 0x31, 0x8A, 0xC5, 0x4D, 0xBC, 
0x38, 0x71, 0xDF, 0x1D, 0x0D, 0x23, 0x5F, 0x1E, 0x10, 0x00, 0x21, 0xF9, 0x04, 0x05, 0x0A, 0x00, 
0x86, 0x00, 0x2C, 0x20, 0x00, 0x08, 0x00, 0x3B, 0x00, 0x2B, 0x00, 0x00, 0x08, 0xFF, 0x00, 0x0D, 
0x09, 0x1C, 0x48, 0xB0, 0xA0, 0xC1, 0x83, 0x03, 0x09, 0x20, 0x5C, 0xC8, 0xB0, 0xA1, 0xC3, 0x83, 
0x12, 0x42, 0x64, 0x50, 0x78, 0x70, 0xD0, 0xC3, 0x8B, 0x0F, 0x2D, 0x0E, 0x1C, 0xC4, 0x03, 0xC9, 
0x87, 0x01, 0x07, 0x05, 0x04, 0x90, 0x80, 0xB1, 0x64, 0xC8, 0x00, 0x03, 0x28, 0x1A, 0xAA, 0xA0, 
0x44, 0xC6, 0xC1, 0x0B, 0x17, 0x34, 0x04, 0xD0, 0x68, 0xD2, 0xA4, 0x02, 0x05, 0x05, 0x12, 0x2C, 
0xA0, 0xF8, 0xA0, 0xC3, 0x42, 0x0F, 0x16, 0x04, 0xD4, 0x1C, 0x0A, 0x00, 0xC0, 0x01, 0x07, 0x09, 
0x40, 0x3E, 0x2C, 0x30, 0xB4, 0x29, 0x21, 0x06, 0x07, 0x0A, 0x04, 0x28, 0xD1, 0xB4, 0xAA, 0x43, 
0x42, 0x84, 0x00, 0x28, 0xA8, 0x40, 0xD3, 0xAA, 0x57, 0x83, 0x59, 0x23, 0x3C, 0x50, 0xFA, 0xB5, 
0xEC, 0x40, 0xAC, 0x08, 0xA4, 0x76, 0x35, 0xEB, 0x15, 0x40, 0xD6, 0xAD, 0x6B, 0xD9, 0x56, 0x45, 
0x10, 0x76, 0xAC, 0x59, 0x95, 0x5E, 0x23, 0xB8, 0x45, 0xC0, 0xA1, 0x41, 0xDC, 0x9A, 0x03, 0x24, 
0xE2, 0xAD, 0xEA, 0x16, 0x00, 0x84, 0x09, 0x64, 0x9B, 0x36, 0x50, 0x31, 0xE2, 0x63, 0x59, 0xAC, 
0x84, 0xD2, 0xCE, 0xF4, 0xDA, 0x01, 0x07, 0xD3, 0xB2, 0x6E, 0xDF, 0x0A, 0xF8, 0x6B, 0xD2, 0x84, 
0xD9, 0x02, 0x10, 0x48, 0x64, 0x35, 0xC0, 0x55, 0xAE, 0x57, 0x14, 0x35, 0x20, 0x14, 0x15, 0x9B, 
0xD8, 0x74, 0xCD, 0x12, 0x28, 0x38, 0x20, 0x60, 0x20, 0x99, 0xB3, 0xEB, 0x87, 0x03, 0x1E, 0xE8, 
0xD5, 0xBA, 0xF9, 0x76, 0xD3, 0x41, 0x15, 0x0C, 0x14, 0x25, 0x6D, 0xDB, 0x37, 0xC3, 0x41, 0x02, 
0x14, 0xAC, 0xB6, 0x6B, 0xDC, 0xE4, 0xA0, 0x00, 0x05, 0x66, 0xD7, 0x6E, 0x6E, 0x32, 0xF7, 0x6E, 
0x05, 0xBD, 0xA9, 0x63, 0x04, 0x2E, 0x1C, 0x00, 0x71, 0xED, 0xDB, 0x05, 0x74, 0xDE, 0x67, 0xED, 
0x9A, 0xC2, 0x87, 0x0C, 0x85, 0xD2, 0xAB, 0x77, 0x88, 0x5C, 0x79, 0x64, 0xB5, 0x72, 0x03, 0xA0, 
0x24, 0xA0, 0xBE, 0xBE, 0x7D, 0x83, 0xCF, 0xA3, 0x6B, 0x2E, 0x6E, 0xB2, 0xD0, 0xA0, 0x41, 0xF6, 
0x05, 0x28, 0x60, 0x21, 0x02, 0x59, 0x37, 0x5C, 0x69, 0x65, 0x0D, 0xA8, 0xE0, 0x80, 0x2B, 0x29, 
0x07, 0x00, 0x79, 0x5F, 0xFD, 0x27, 0xE1, 0x84, 0x00, 0x2E, 0x68, 0x5F, 0x7E, 0xD2, 0x49, 0x65, 
0x08, 0x81, 0x55, 0x05, 0x20, 0xC0, 0x87, 0x20, 0x82, 0x38, 0x9F, 0x85, 0xF5, 0x19, 0xA8, 0x15, 
0x57, 0xEB, 0x35, 0x75, 0x81, 0x01, 0x2C, 0xB6, 0xA8, 0xC0, 0x05, 0x39, 0x0D, 0x40, 0xA2, 0x7A, 
0xDC, 0x2D, 0x27, 0x63, 0x8A, 0x44, 0x15, 0x55, 0xD4, 0x01, 0x30, 0x20, 0xB0, 0x01, 0x05, 0x33, 
0xCD, 0xE8, 0x5F, 0x72, 0x7B, 0xA9, 0x85, 0xA3, 0x55, 0x07, 0x18, 0x71, 0x44, 0x13, 0x51, 0x05, 
0x39, 0x23, 0x86, 0x84, 0x18, 0x82, 0x5D, 0x85, 0xE9, 0x95, 0x95, 0x83, 0x0D, 0x1B, 0x44, 0x01, 
0x05, 0x0D, 0xF4, 0x09, 0x69, 0xA2, 0x21, 0x9B, 0x1D, 0xE9, 0x15, 0x08, 0x17, 0x38, 0xF1, 0x44, 
0x08, 0x14, 0x3D, 0x19, 0xDC, 0x70, 0x86, 0x50, 0x69, 0x9A, 0x00, 0x3C, 0x90, 0x14, 0x9E, 0x83, 
0x06, 0x08, 0xC5, 0xA1, 0x6B, 0xFC, 0xE1, 0x07, 0x1D, 0x02, 0xDE, 0x65, 0x07, 0x1E, 0x6E, 0x13, 
0x74, 0x40, 0xC2, 0x05, 0x7E, 0xFE, 0xD9, 0xD0, 0x20, 0x0D, 0x68, 0x60, 0x81, 0x4C, 0x79, 0x1A, 
0x2A, 0x90, 0x04, 0x1E, 0x8E, 0xE4, 0xE8, 0x76, 0xFF, 0x7D, 0x15, 0x10, 0x00, 0x21, 0xF9, 0x04, 
0x05, 0x0A, 0x00, 0x86, 0x00, 0x2C, 0x27, 0x00, 0x0A, 0x00, 0x20, 0x00, 0x29, 0x00, 0x00, 0x08, 
0xFF, 0x00, 0x0D, 0x09, 0x1C, 0x48, 0xB0, 0xA0, 0xC0, 0x42, 0x06, 0x13, 0x2A, 0x5C, 0x18, 0x60, 
0x00, 0x01, 0x84, 0x06, 0x4B, 0x0C, 0x1A, 0xB4, 0x50, 0xA1, 0x85, 0x02, 0x09, 0x06, 0x14, 0x82, 
0x38, 0x70, 0x0E, 0x0A, 0x01, 0x0D, 0x2B, 0x1A, 0x34, 0x71, 0xA0, 0x40, 0x80, 0x41, 0x1C, 0x0D, 
0x19, 0xB8, 0xC2, 0xC2, 0x82, 0x86, 0x16, 0x2F, 0x44, 0x16, 0x04, 0xA0, 0xA0, 0x02, 0x4A, 0x8A, 
0x02, 0x6D, 0xEC, 0x88, 0x40, 0xC2, 0xC0, 0x89, 0x15, 0x32, 0x09, 0x02, 0x88, 0xF0, 0x40, 0x23, 
0xC4, 0x2F, 0x67, 0x6C, 0x20, 0x00, 0x10, 0x43, 0x8C, 0x81, 0xA0, 0x04, 0x11, 0x98, 0x44, 0x29, 
0x50, 0xCD, 0x18, 0x05, 0x00, 0x98, 0x8A, 0x89, 0x01, 0x75, 0x20, 0x4D, 0x01, 0x28, 0x11, 0x96, 
0x10, 0x60, 0x20, 0x6B, 0xD3, 0xA7, 0x5D, 0x0D, 0x79, 0x30, 0x00, 0x76, 0xA3, 0xA1, 0x41, 0x64, 
0xCD, 0x5E, 0xA1, 0x90, 0xD6, 0xD0, 0x06, 0x03, 0x36, 0xDD, 0xC2, 0x2D, 0x3B, 0x54, 0xCC, 0x95, 
0xBA, 0x10, 0x3A, 0x14, 0xDD, 0x58, 0x68, 0x2F, 0x00, 0x42, 0x24, 0x22, 0xA0, 0x4D, 0x5B, 0xF2, 
0xE4, 0x46, 0xC3, 0x84, 0x08, 0x01, 0x30, 0x51, 0xD7, 0xD0, 0xD7, 0xB0, 0x86, 0x2A, 0x94, 0x8D, 
0x1C, 0xB9, 0xB2, 0x87, 0x0B, 0x6D, 0x0B, 0x0D, 0x78, 0x10, 0xE1, 0xB0, 0x64, 0x00, 0x95, 0x5D, 
0x3A, 0x1E, 0x14, 0xA0, 0x00, 0x82, 0xC8, 0x89, 0x15, 0xD4, 0x0D, 0x00, 0x52, 0xC2, 0x63, 0x01, 
0x58, 0x25, 0x43, 0x38, 0x51, 0x41, 0x20, 0x03, 0xA8, 0x13, 0xC3, 0x16, 0x8E, 0x4B, 0x08, 0x01, 
0x07, 0x14, 0x25, 0x1E, 0x88, 0x38, 0x90, 0x35, 0x28, 0xE1, 0xC7, 0x2A, 0xB3, 0x12, 0x1D, 0x60, 
0x68, 0x41, 0x82, 0x02, 0x0A, 0x16, 0x57, 0x7C, 0x3E, 0x9C, 0x2F, 0x5E, 0x8A, 0x04, 0x06, 0xD0, 
0x9E, 0x86, 0xCA, 0xDD, 0x30, 0x00, 0xB6, 0x38, 0xDF, 0x76, 0x2D, 0x1F, 0xF7, 0x3C, 0xD8, 0xCA, 
0x07, 0x09, 0x0F, 0xD2, 0x9C, 0x15, 0x3D, 0x7C, 0x43, 0xCF, 0x47, 0x97, 0x76, 0x9F, 0xBE, 0xAE, 
0xFC, 0xD6, 0xAF, 0x5D, 0x76, 0x9F, 0x7C, 0xB8, 0x1D, 0x26, 0xD5, 0x49, 0x03, 0xDE, 0xC6, 0xD7, 
0x74, 0xF7, 0xC5, 0x67, 0xDE, 0x77, 0x0D, 0xE2, 0xD7, 0x5D, 0x7D, 0xEF, 0x35, 0xA8, 0x20, 0x85, 
0xFD, 0xC1, 0xD7, 0x9D, 0x65, 0xF6, 0x45, 0x58, 0x98, 0x66, 0x1C, 0x56, 0x48, 0x50, 0x01, 0x69, 
0x89, 0x46, 0x5A, 0x56, 0x0A, 0x08, 0x50, 0xD0, 0x14, 0x26, 0xA4, 0x08, 0x1F, 0x03, 0x07, 0x16, 
0x74, 0xC0, 0x67, 0x22, 0x8A, 0x04, 0x17, 0x56, 0x86, 0x4C, 0x97, 0x92, 0x21, 0x17, 0x68, 0x80, 
0x60, 0x50, 0x86, 0xA9, 0x94, 0x97, 0x41, 0x01, 0xA4, 0x15, 0x64, 0x8A, 0x54, 0x45, 0x08, 0xD7, 
0x05, 0x1E, 0x34, 0x96, 0x64, 0x83, 0xAC, 0x69, 0x70, 0x51, 0x46, 0x6E, 0x45, 0x68, 0x88, 0x04, 
0xB4, 0x35, 0xF4, 0xD0, 0x8E, 0xF7, 0x05, 0x47, 0x98, 0x95, 0x05, 0x7D, 0x39, 0x50, 0x40, 0x00, 
0x21, 0xF9, 0x04, 0x05, 0x0A, 0x00, 0x86, 0x00, 0x2C, 0x3A, 0x00, 0x0B, 0x00, 0x17, 0x00, 0x27, 
0x00, 0x00, 0x08, 0xFF, 0x00, 0x0D, 0x09, 0x1C, 0x28, 0x70, 0x50, 0xA1, 0x42, 0x04, 0x13, 0x2A, 
0x24, 0x28, 0xC0, 0x60, 0xA1, 0x41, 0x0B, 0x23, 0x0A, 0xBC, 0xD0, 0xF0, 0xE0, 0x80, 0x07, 0x12, 
0x17, 0x16, 0x08, 0x60, 0x70, 0x50, 0x80, 0x02, 0x04, 0x17, 0x0C, 0x1A, 0xB9, 0x70, 0xC4, 0x87, 
0x01, 0x07, 0x07, 0x09, 0x50, 0x30, 0xD0, 0x07, 0x0A, 0x01, 0x02, 0x02, 0x64, 0x18, 0x90, 0x30, 
0x44, 0x06, 0x02, 0x29, 0x05, 0x18, 0x10, 0xB8, 0xE2, 0x05, 0x8B, 0x0B, 0x17, 0x74, 0x30, 0xC1, 
0x90, 0x10, 0xE7, 0xC1, 0x87, 0x02, 0x2E, 0x18, 0x82, 0x70, 0xE5, 0x0A, 0x04, 0x13, 0x1E, 0x20, 
0xEC, 0xB0, 0x91, 0xF0, 0x68, 0xCA, 0x06, 0x2C, 0x0C, 0xB1, 0x40, 0xB3, 0x02, 0x01, 0x03, 0x12, 
0x11, 0x20, 0xCC, 0xA8, 0x6A, 0x35, 0x83, 0x80, 0x1A, 0x27, 0x80, 0x9C, 0x80, 0x00, 0x00, 0x40, 
0x84, 0x1D, 0x1C, 0x14, 0x5A, 0xF5, 0xA8, 0x41, 0x01, 0x9B, 0x3F, 0x36, 0xBC, 0x22, 0xE0, 0xD0, 
0x02, 0x85, 0xDC, 0xA3, 0x2A, 0x2F, 0x78, 0x40, 0x00, 0xC3, 0x05, 0x03, 0x00, 0x10, 0x26, 0xD0, 
0xFC, 0x9B, 0xD3, 0x00, 0x00, 0x42, 0x0C, 0x08, 0x11, 0xDA, 0xDB, 0x00, 0x22, 0x63, 0xA4, 0x17, 
0x4C, 0x48, 0x26, 0x84, 0x58, 0xF1, 0x42, 0xAB, 0x0F, 0x03, 0xE8, 0x88, 0x40, 0x42, 0x32, 0x65, 
0xCB, 0x64, 0xCB, 0x56, 0xD8, 0x01, 0xE3, 0x70, 0x84, 0x07, 0x8B, 0x2F, 0xA7, 0xEC, 0xD1, 0x95, 
0xB3, 0x82, 0x0A, 0xA8, 0x53, 0x1F, 0x1D, 0x30, 0x81, 0xED, 0xE4, 0x8D, 0xB9, 0x09, 0x82, 0x1E, 
0xD4, 0x80, 0x03, 0x02, 0xCE, 0x89, 0x63, 0xCB, 0xE6, 0xCD, 0x96, 0xC1, 0x81, 0x02, 0x95, 0x25, 
0xCE, 0x2D, 0xAE, 0x57, 0x44, 0x02, 0xE5, 0x97, 0x99, 0xB7, 0x85, 0xF0, 0x60, 0x01, 0x81, 0x8C, 
0x80, 0xA9, 0x33, 0x7B, 0x38, 0x0D, 0x7E, 0x77, 0xEF, 0xED, 0x9E, 0xCB, 0x3F, 0x14, 0x4F, 0x5E, 
0xBD, 0xF6, 0xCE, 0xD8, 0x3F, 0xAF, 0x37, 0x3E, 0x9E, 0x43, 0xF4, 0x8C, 0x86, 0x2C, 0x9E, 0x87, 
0x8F, 0x5F, 0xE0, 0x7C, 0xBD, 0xF6, 0x05, 0x17, 0x11, 0x01, 0x0B, 0x3C, 0x00, 0x81, 0x21, 0xFC, 
0xF5, 0x67, 0xC8, 0x00, 0x09, 0x88, 0x00, 0xE0, 0x7D, 0xF8, 0x11, 0x57, 0xC0, 0x01, 0x0C, 0x2C, 
0x95, 0x5E, 0x7F, 0xDA, 0x11, 0x62, 0x88, 0x7D, 0x0A, 0x1A, 0x42, 0x9C, 0x71, 0x1A, 0x26, 0xD6, 
0xE1, 0x82, 0xE7, 0x39, 0x07, 0x5D, 0x87, 0x1E, 0x51, 0xE0, 0xD5, 0x01, 0x0E, 0x5C, 0x87, 0x50, 
0x7F, 0x29, 0x6E, 0xC0, 0x22, 0x06, 0xDE, 0xBD, 0x88, 0x61, 0x02, 0x14, 0x50, 0x90, 0x40, 0x8D, 
0x23, 0x12, 0x30, 0x40, 0x00, 0x0B, 0x1A, 0x35, 0x62, 0x41, 0xF9, 0xD9, 0xA8, 0x60, 0x40, 0x00, 
0x21, 0xF9, 0x04, 0x05, 0x0A, 0x00, 0x86, 0x00, 0x2C, 0x27, 0x00, 0x08, 0x00, 0x34, 0x00, 0x2A, 
0x00, 0x00, 0x08, 0xFF, 0x00, 0x0D, 0x09, 0x1C, 0x48, 0xB0, 0xA0, 0xC1, 0x81, 0x85, 0x0E, 0x2A, 
0x5C, 0xC8, 0xB0, 0x61, 0xC1, 0x42, 0x83, 0x06, 0x25, 0x3C, 0x38, 0xD1, 0xA1, 0xC5, 0x86, 0x85, 
0x24, 0x04, 0x08, 0x20, 0xE1, 0x60, 0x80, 0x01, 0x04, 0x2E, 0x8A, 0x5C, 0xD8, 0x00, 0x04, 0x88, 
0x83, 0x16, 0x0A, 0x24, 0x18, 0x50, 0x71, 0xA4, 0x4B, 0x43, 0x13, 0x62, 0x2C, 0xDC, 0x40, 0x21, 
0xC0, 0xCB, 0x9B, 0x16, 0x29, 0xE0, 0xDC, 0xD9, 0x90, 0x65, 0xA1, 0x96, 0x3C, 0x77, 0x56, 0x90, 
0xF8, 0x93, 0x40, 0x86, 0xA0, 0x3B, 0x0B, 0x04, 0x20, 0x4A, 0x60, 0xC1, 0x07, 0xA4, 0x37, 0x3B, 
0x4C, 0xF0, 0x59, 0x68, 0x40, 0x02, 0x07, 0x50, 0x5F, 0xEA, 0x68, 0x40, 0x74, 0x50, 0x00, 0x0A, 
0x44, 0xB2, 0x8E, 0xAC, 0x21, 0x20, 0xC3, 0x4F, 0x88, 0x01, 0x4E, 0x0E, 0x8C, 0x18, 0x11, 0xA8, 
0x58, 0x43, 0x17, 0x58, 0xF4, 0x20, 0xFA, 0x53, 0xA3, 0xC0, 0x0C, 0x03, 0x02, 0x08, 0x10, 0xF0, 
0x51, 0xE2, 0xDB, 0x81, 0x24, 0xA4, 0x52, 0xFD, 0x39, 0x70, 0x41, 0x82, 0x02, 0x0A, 0x14, 0x14, 
0x98, 0xD0, 0xA0, 0xA3, 0x4B, 0x13, 0x16, 0x1C, 0x22, 0xA8, 0x49, 0x37, 0x61, 0x53, 0x0C, 0x0E, 
0x0E, 0x00, 0x00, 0x80, 0xA0, 0x83, 0x86, 0x9B, 0x1B, 0x94, 0x32, 0xF4, 0x40, 0x73, 0xE9, 0x59, 
0x43, 0x97, 0x33, 0x33, 0x20, 0xC4, 0xDA, 0xC3, 0x4D, 0x0A, 0x14, 0x56, 0xBA, 0x15, 0xA8, 0x21, 
0xA5, 0xEC, 0xB3, 0xA9, 0x0F, 0xAC, 0x66, 0xCD, 0xF3, 0x63, 0xC8, 0x83, 0x1A, 0xF9, 0x82, 0xC4, 
0xBD, 0x00, 0xB3, 0x6E, 0xDE, 0x07, 0x01, 0x8C, 0x9C, 0x2D, 0x10, 0x62, 0x5B, 0xE2, 0xC6, 0x77, 
0x1F, 0x9C, 0xC0, 0x01, 0x02, 0x02, 0x13, 0x48, 0xCF, 0x6A, 0x1F, 0x54, 0x5C, 0x35, 0x6B, 0x12, 
0x07, 0x07, 0x34, 0xDE, 0x98, 0x80, 0x38, 0xA8, 0xF6, 0xA2, 0xE2, 0x1F, 0x88, 0x38, 0x4E, 0x68, 
0x21, 0xC4, 0xBC, 0xD9, 0xB5, 0x37, 0x3D, 0x6C, 0x7D, 0x77, 0x7B, 0x86, 0xCC, 0x97, 0xCB, 0xEF, 
0xAE, 0x99, 0xF5, 0x66, 0xE5, 0x7F, 0x19, 0xB4, 0x5F, 0x74, 0x84, 0x70, 0x16, 0x81, 0x01, 0x0A, 
0x04, 0xF8, 0x10, 0x74, 0xAA, 0x31, 0x80, 0x00, 0x04, 0x1C, 0x3C, 0x50, 0x81, 0x82, 0x0B, 0x16, 
0x92, 0x1B, 0x03, 0x0C, 0x1C, 0x20, 0xC2, 0x03, 0x0D, 0x0C, 0x40, 0x21, 0x41, 0x0C, 0xEA, 0x96, 
0xA1, 0x03, 0x18, 0x2C, 0x30, 0xC8, 0x87, 0x20, 0x5A, 0xC8, 0x1F, 0x86, 0x07, 0x90, 0xB8, 0xC0, 
0x6F, 0x28, 0x1A, 0x52, 0xD4, 0x8A, 0x23, 0x96, 0x08, 0x63, 0x8C, 0x10, 0xD1, 0xD8, 0xA2, 0x8D, 
0x31, 0x0E, 0x44, 0x40, 0x7A, 0xEB, 0xB1, 0xE8, 0xE2, 0x8D, 0x3D, 0xD2, 0x87, 0x80, 0x90, 0x3C, 
0xF6, 0x88, 0x1A, 0x7F, 0x00, 0x10, 0x52, 0xE3, 0x8B, 0x3C, 0xE9, 0x74, 0x51, 0x6A, 0x02, 0x15, 
0xB8, 0x23, 0x94, 0x38, 0x35, 0x71, 0x40, 0x4D, 0x16, 0x5D, 0xC8, 0x80, 0x21, 0x10, 0xA8, 0x84, 
0x25, 0x4E, 0x33, 0x08, 0x96, 0xDF, 0x40, 0x56, 0x35, 0xA8, 0x21, 0x87, 0x20, 0x05, 0x65, 0x81, 
0x06, 0x5C, 0x9D, 0x69, 0x88, 0x57, 0x05, 0x88, 0x78, 0xA5, 0x58, 0x1C, 0xC9, 0x39, 0xA7, 0x00, 
0x16, 0x78, 0x00, 0xC0, 0x95, 0x44, 0x9A, 0x67, 0x91, 0x57, 0x1A, 0x5C, 0xA0, 0x58, 0x02, 0x2F, 
0xEA, 0xA9, 0x60, 0x70, 0xC2, 0x11, 0xA0, 0x28, 0x85, 0x6C, 0x11, 0xA5, 0x24, 0x46, 0x8F, 0x5E, 
0x14, 0x10, 0x00, 0x21, 0xF9, 0x04, 0x05, 0x0A, 0x00, 0x86, 0x00, 0x2C, 0x29, 0x00, 0x08, 0x00, 
0x33, 0x00, 0x29, 0x00, 0x00, 0x08, 0xFF, 0x00, 0x0D, 0x09, 0x1C, 0x48, 0xB0, 0xA0, 0x41, 0x43, 
0x04, 0x0E, 0x2A, 0x5C, 0xC8, 0xB0, 0x21, 0x41, 0x09, 0x21, 0x32, 0x24, 0x3C, 0x38, 0xC8, 0xA1, 
0x45, 0x87, 0x83, 0x78, 0x20, 0xF9, 0x30, 0xE0, 0xA0, 0x80, 0x00, 0x12, 0x2E, 0x8A, 0x54, 0x58, 
0x41, 0x89, 0x8C, 0x83, 0x17, 0x2E, 0x68, 0x08, 0x50, 0x71, 0xA4, 0x4B, 0x81, 0x0F, 0x3A, 0x2C, 
0xF4, 0x60, 0x41, 0xC0, 0xCB, 0x9B, 0x0E, 0x0B, 0xE0, 0xDC, 0xC9, 0xB3, 0xA7, 0xCF, 0x9F, 0x40, 
0x83, 0x0A, 0x1D, 0x4A, 0xB4, 0xE8, 0xC2, 0x42, 0x48, 0x0B, 0x4D, 0x34, 0xCA, 0x50, 0x42, 0xD2, 
0x41, 0x03, 0x22, 0x2E, 0x65, 0x6A, 0x10, 0x29, 0x81, 0x01, 0x0D, 0x54, 0x8C, 0xE0, 0xE8, 0x12, 
0x80, 0x82, 0x9D, 0x49, 0x09, 0x2C, 0x48, 0x50, 0xA0, 0x03, 0x0E, 0x9D, 0x2E, 0x3D, 0x5C, 0xB0, 
0xF9, 0x32, 0xEC, 0x02, 0x0C, 0x0E, 0x0E, 0x00, 0xF0, 0xEA, 0xB2, 0x80, 0x85, 0x95, 0x2D, 0x45, 
0xBA, 0x85, 0x7B, 0x80, 0x01, 0x21, 0x00, 0x06, 0xD8, 0x8A, 0xFC, 0x18, 0x72, 0xE4, 0xDE, 0xB8, 
0x86, 0x08, 0xFD, 0x55, 0x20, 0x20, 0xEF, 0x45, 0xC7, 0x16, 0x0F, 0xF7, 0x55, 0xCC, 0xE0, 0x40, 
0x01, 0x96, 0x54, 0x93, 0x16, 0x1A, 0x90, 0x20, 0xAE, 0x5F, 0x42, 0x95, 0x1D, 0x24, 0xE8, 0x68, 
0x54, 0x73, 0xA1, 0x41, 0x0D, 0x0A, 0x4C, 0xFE, 0x7B, 0xC0, 0x01, 0x86, 0x05, 0x53, 0x85, 0x9A, 
0x1E, 0xB4, 0xE0, 0x01, 0x04, 0x00, 0xA0, 0x11, 0x40, 0x28, 0x90, 0x00, 0x76, 0xE9, 0xA7, 0x58, 
0x1F, 0x88, 0x40, 0x00, 0xFA, 0x80, 0x88, 0x07, 0x0D, 0x06, 0xC4, 0x0E, 0x1A, 0x16, 0xEB, 0x04, 
0x0E, 0x10, 0x10, 0x30, 0x00, 0xD0, 0xFA, 0xF5, 0xA0, 0xE5, 0x40, 0x9F, 0x8E, 0x2D, 0x10, 0x1D, 
0x00, 0x03, 0xDD, 0xBC, 0x7D, 0xFF, 0xA6, 0xBE, 0xDA, 0x40, 0xB8, 0x21, 0xEF, 0xD4, 0x8F, 0x27, 
0xC7, 0x9E, 0xFD, 0xF4, 0xF6, 0xE8, 0x0C, 0xBE, 0xEF, 0xEE, 0x0D, 0x79, 0xA8, 0xD2, 0xE0, 0x22, 
0xE4, 0x4E, 0x37, 0x8E, 0x5C, 0x79, 0x66, 0xDA, 0x64, 0xC1, 0x27, 0x5F, 0x78, 0xF5, 0x0D, 0x45, 
0x9E, 0x70, 0xFA, 0xA5, 0xD7, 0x1F, 0x7B, 0xD9, 0x01, 0xC8, 0x1D, 0x02, 0x86, 0x0C, 0x48, 0x1F, 
0x55, 0x02, 0xE1, 0x27, 0xD7, 0x79, 0xFC, 0xAD, 0x47, 0x61, 0x45, 0x01, 0x4A, 0x67, 0x08, 0x78, 
0x13, 0x52, 0x75, 0xA0, 0x08, 0xE7, 0x31, 0x20, 0x90, 0x7A, 0xFE, 0xE1, 0x84, 0x96, 0x43, 0x9C, 
0x3D, 0x48, 0xD1, 0x4E, 0x1B, 0x44, 0x01, 0x05, 0x0D, 0x0C, 0x0A, 0x34, 0x48, 0x00, 0xAA, 0x01, 
0x70, 0x9E, 0x50, 0x17, 0x38, 0xF1, 0x44, 0x08, 0x35, 0x0A, 0x24, 0x80, 0x05, 0x26, 0x00, 0x00, 
0x62, 0x50, 0x02, 0xF0, 0x50, 0x58, 0x43, 0x38, 0xE2, 0xD0, 0x01, 0x07, 0x13, 0x24, 0x27, 0x54, 
0x81, 0x55, 0x0D, 0xF0, 0xC1, 0x08, 0x2A, 0x24, 0x37, 0x48, 0x21, 0x14, 0x2A, 0x44, 0x40, 0x06, 
0x21, 0x0C, 0xB0, 0x25, 0x97, 0x5D, 0x2A, 0xA4, 0x14, 0x52, 0x43, 0x05, 0x04, 0x00, 0x21, 0xF9, 
0x04, 0x05, 0x0A, 0x00, 0x86, 0x00, 0x2C, 0x27, 0x00, 0x17, 0x00, 0x36, 0x00, 0x1A, 0x00, 0x00, 
0x08, 0xFF, 0x00, 0x0D, 0x09, 0x1C, 0x48, 0xB0, 0xA0, 0xC1, 0x83, 0x08, 0x13, 0x12, 0x34, 0x61, 
0x41, 0xA1, 0xC3, 0x87, 0x10, 0x0B, 0x02, 0x38, 0x50, 0x20, 0x40, 0xC4, 0x8B, 0x18, 0x09, 0x22, 
0x80, 0x50, 0x20, 0xC1, 0x80, 0x42, 0x03, 0x19, 0x64, 0x1C, 0x79, 0x70, 0xA2, 0x88, 0x07, 0x0D, 
0x06, 0x10, 0x00, 0xF9, 0x40, 0xC4, 0x01, 0x00, 0x00, 0x48, 0xCA, 0x74, 0xC1, 0x11, 0x43, 0x97, 
0x1B, 0x83, 0x06, 0x09, 0x5C, 0x90, 0xA0, 0x80, 0x02, 0x03, 0x32, 0x2F, 0x5A, 0x34, 0x04, 0x20, 
0xC2, 0x89, 0x1E, 0x45, 0x1A, 0x08, 0x10, 0x10, 0x40, 0x82, 0x21, 0x02, 0x03, 0x02, 0x08, 0x08, 
0x0A, 0xB1, 0xD0, 0x20, 0x01, 0x0A, 0x88, 0x6A, 0x01, 0x22, 0xE0, 0x81, 0xCF, 0x0B, 0x1A, 0x1A, 
0x94, 0x10, 0xA8, 0x93, 0xAA, 0xC2, 0x42, 0x68, 0xAF, 0x1A, 0x80, 0x49, 0x65, 0xC7, 0x0A, 0x08, 
0x08, 0x00, 0x98, 0x80, 0x70, 0xA2, 0x82, 0x59, 0x87, 0x68, 0xF3, 0x96, 0x68, 0x01, 0x94, 0x10, 
0x09, 0x18, 0x71, 0x61, 0x32, 0x20, 0x11, 0x21, 0xEB, 0x5D, 0x84, 0x79, 0xAD, 0x0E, 0x40, 0x71, 
0x22, 0x02, 0x00, 0x42, 0x84, 0x60, 0x22, 0x88, 0x10, 0x21, 0xB0, 0x89, 0xC3, 0x06, 0xF3, 0xE6, 
0x1C, 0xD0, 0x60, 0x02, 0x07, 0x08, 0x24, 0x20, 0x03, 0xD8, 0xC8, 0xE1, 0xC5, 0x8B, 0xCF, 0x24, 
0x30, 0x17, 0x4C, 0x1B, 0xB5, 0xC2, 0x83, 0xCF, 0x71, 0x19, 0x8C, 0x86, 0xC0, 0x61, 0x42, 0xCA, 
0xC5, 0xAA, 0x09, 0xB2, 0xEE, 0xEC, 0xB3, 0x32, 0x00, 0xD9, 0xA4, 0x6D, 0x0F, 0x28, 0x9B, 0x7B, 
0xA0, 0xE2, 0xCE, 0xB0, 0x61, 0x4A, 0xA6, 0x2D, 0x9C, 0x78, 0x71, 0x43, 0xC7, 0x3D, 0xC3, 0x35, 
0x04, 0xBC, 0x70, 0x81, 0xE6, 0xCF, 0x0B, 0x72, 0x96, 0x1E, 0x7B, 0x36, 0x87, 0x07, 0x15, 0x02, 
0x0C, 0x60, 0xCF, 0x3E, 0xB0, 0x2C, 0xF7, 0xDF, 0xDE, 0x9B, 0x3B, 0x7F, 0x0E, 0x15, 0xB9, 0xC0, 
0x98, 0xE9, 0x53, 0xAE, 0xC7, 0x58, 0xE0, 0x22, 0xCF, 0x02, 0xD3, 0x05, 0x06, 0x97, 0x1F, 0x74, 
0x8A, 0x09, 0x05, 0x53, 0x45, 0xE4, 0xC0, 0x4B, 0x44, 0x09, 0x54, 0x1B, 0x7F, 0x54, 0x1D, 0xE0, 
0xC1, 0x05, 0x02, 0xCC, 0xA7, 0x50, 0x7A, 0x64, 0x61, 0x06, 0x56, 0x00, 0x0E, 0x1E, 0xB4, 0x81, 
0x75, 0xC2, 0x3D, 0x37, 0x14, 0x44, 0x20, 0x50, 0x00, 0x9E, 0x78, 0x83, 0x80, 0x44, 0xDE, 0x43, 
0x12, 0x04, 0x00, 0x62, 0x88, 0x23, 0x46, 0x64, 0x55, 0x88, 0x22, 0xA6, 0x78, 0x51, 0x8B, 0xC5, 
0x05, 0x04, 0x00, 0x21, 0xF9, 0x04, 0x05, 0x0A, 0x00, 0x86, 0x00, 0x2C, 0x27, 0x00, 0x1A, 0x00, 
0x36, 0x00, 0x16, 0x00, 0x00, 0x08, 0xFF, 0x00, 0x0D, 0x19, 0x02, 0x20, 0xB0, 0xA0, 0xC1, 0x83, 
0x08, 0x13, 0x2A, 0x5C, 0x98, 0x70, 0x02, 0x07, 0x08, 0x08, 0x4C, 0x30, 0x9C, 0x48, 0x71, 0x61, 
0x82, 0x05, 0x83, 0x0A, 0x15, 0x12, 0x38, 0xA0, 0xC1, 0x84, 0x02, 0x0A, 0x2A, 0x8A, 0x14, 0x89, 
0x62, 0x00, 0x01, 0x8D, 0x1A, 0x0D, 0x15, 0x1A, 0x34, 0x20, 0xC0, 0xC8, 0x97, 0x0B, 0x15, 0x54, 
0x28, 0x81, 0x52, 0xE3, 0xA0, 0x41, 0x02, 0x37, 0xC2, 0xDC, 0x29, 0xF0, 0x82, 0x87, 0x03, 0x05, 
0x02, 0x64, 0xB4, 0xD9, 0x52, 0x00, 0xCF, 0xA3, 0x83, 0x02, 0x68, 0xB0, 0x50, 0x20, 0xC1, 0x00, 
0x8D, 0x04, 0x3A, 0x7E, 0xB4, 0x70, 0x14, 0x26, 0x4A, 0x09, 0x01, 0x04, 0x04, 0x18, 0x70, 0x73, 
0xD0, 0x82, 0x04, 0x05, 0x20, 0x7A, 0xA8, 0x5A, 0xB1, 0x26, 0xD4, 0x12, 0x37, 0x6E, 0x14, 0xAD, 
0xF0, 0x40, 0xC4, 0x01, 0x00, 0x84, 0x08, 0x91, 0x65, 0x68, 0xB6, 0xEB, 0xDA, 0x07, 0x20, 0x0D, 
0x44, 0x78, 0x0B, 0x57, 0xEE, 0x5C, 0x84, 0x28, 0xED, 0x66, 0x65, 0x9B, 0x37, 0x02, 0x02, 0x0F, 
0x3F, 0x23, 0xE8, 0x25, 0xE1, 0xF7, 0x6F, 0xCE, 0x95, 0x2C, 0x07, 0xE3, 0x55, 0xA0, 0x17, 0x01, 
0x00, 0x13, 0x1E, 0x10, 0x44, 0x50, 0x50, 0xE0, 0x01, 0x93, 0x13, 0x11, 0x1C, 0xE7, 0xBC, 0xD9, 
0x92, 0x30, 0x65, 0xC3, 0x00, 0x2E, 0x03, 0xD0, 0xCC, 0xF9, 0x41, 0x85, 0xAD, 0x12, 0x98, 0x88, 
0x36, 0x14, 0xD9, 0x34, 0x6A, 0xD5, 0xAB, 0x37, 0x77, 0xAE, 0x80, 0x42, 0xCA, 0x0D, 0x9C, 0x8E, 
0x81, 0x07, 0xB0, 0x8D, 0x60, 0x60, 0x6A, 0xCD, 0x06, 0x5A, 0xBF, 0x1E, 0xD0, 0x71, 0x76, 0xD4, 
0xE1, 0x93, 0x51, 0x1B, 0x67, 0xBD, 0x5B, 0x2B, 0x57, 0xE0, 0x15, 0x29, 0x88, 0x1C, 0x00, 0x56, 
0x41, 0xE8, 0x81, 0x0C, 0x72, 0x2B, 0x4B, 0xDF, 0xDA, 0xF5, 0x65, 0x13, 0xA0, 0x2E, 0x27, 0x26, 
0x2D, 0xF0, 0x76, 0xE0, 0x40, 0x04, 0x10, 0x38, 0xB8, 0x26, 0x8F, 0x1D, 0xE6, 0x86, 0x28, 0x50, 
0x68, 0x10, 0xA0, 0x28, 0xC0, 0xC2, 0x58, 0xE4, 0x9C, 0x4D, 0xD0, 0xC0, 0x75, 0x7F, 0x39, 0xF1, 
0x44, 0x08, 0xFB, 0x4D, 0xA4, 0xD4, 0x05, 0xCA, 0x59, 0x57, 0xDF, 0x5F, 0x3C, 0x94, 0x85, 0x95, 
0x00, 0x0E, 0xD2, 0x36, 0xDB, 0x4E, 0x90, 0xE1, 0xA4, 0xD3, 0x85, 0x3C, 0xA5, 0xC4, 0xA1, 0x40, 
0x01, 0x01, 0x00, 0x21, 0xF9, 0x04, 0x05, 0x0A, 0x00, 0x86, 0x00, 0x2C, 0x26, 0x00, 0x1F, 0x00, 
0x37, 0x00, 0x20, 0x00, 0x00, 0x08, 0xFF, 0x00, 0x0D, 0x09, 0x1C, 0x48, 0xB0, 0xA0, 0xC1, 0x83, 
0x08, 0x13, 0x12, 0x2C, 0x24, 0x41, 0xA1, 0xC3, 0x87, 0x10, 0x09, 0x12, 0x28, 0x54, 0x68, 0x50, 
0x00, 0x10, 0x31, 0x22, 0x6A, 0x8C, 0x58, 0x71, 0xD0, 0x20, 0x8A, 0x14, 0x2D, 0x62, 0x74, 0xC1, 
0x60, 0xA3, 0xC9, 0x82, 0x20, 0x53, 0xAA, 0x94, 0xD0, 0xE0, 0x44, 0x04, 0x00, 0x27, 0x37, 0xAA, 
0x9C, 0xD9, 0xD1, 0xE3, 0x20, 0x09, 0x4C, 0x0C, 0xC0, 0x8C, 0xE9, 0x90, 0xA6, 0xCD, 0x9F, 0x03, 
0x02, 0x08, 0x18, 0x2A, 0xA0, 0x05, 0xCF, 0x9E, 0x35, 0x81, 0x0A, 0x25, 0x2A, 0xA0, 0xC2, 0x03, 
0x43, 0x0A, 0x0C, 0x48, 0x35, 0x10, 0x81, 0x04, 0xA1, 0xA3, 0x02, 0x3D, 0x66, 0x1D, 0x14, 0x94, 
0x69, 0xD3, 0x07, 0x05, 0xA2, 0x4E, 0xA5, 0x8A, 0x00, 0x80, 0xD9, 0xB3, 0x84, 0xAE, 0xF2, 0xE4, 
0xBA, 0x74, 0xA8, 0xD3, 0xB0, 0x63, 0x0D, 0x18, 0x2A, 0x7B, 0xD6, 0x84, 0x07, 0x13, 0x0C, 0xD2, 
0xE6, 0x4D, 0xAB, 0x36, 0x26, 0xCB, 0x09, 0x70, 0xA7, 0x46, 0x40, 0x20, 0xD0, 0xAC, 0x5D, 0x13, 
0x67, 0x01, 0x20, 0x88, 0x40, 0x95, 0x04, 0x03, 0x12, 0x4D, 0xAC, 0xF6, 0x3D, 0x69, 0x51, 0x43, 
0x07, 0xBA, 0x85, 0x0D, 0x25, 0x5E, 0x1C, 0x57, 0x41, 0x81, 0x07, 0x4C, 0x5C, 0x9A, 0x88, 0xF0, 
0x26, 0x82, 0x09, 0xAC, 0x86, 0x04, 0x58, 0x20, 0x51, 0x50, 0x31, 0x63, 0x03, 0x9E, 0x1F, 0x54, 
0xF0, 0x1A, 0x60, 0xC0, 0x0D, 0xA3, 0x02, 0x5F, 0xA0, 0x16, 0x18, 0x40, 0xC3, 0x85, 0xA9, 0x86, 
0x60, 0x7F, 0x9E, 0x2D, 0xA0, 0xF6, 0x4F, 0x9B, 0xBB, 0x0F, 0x32, 0x6C, 0x3B, 0x34, 0xB5, 0x71, 
0xE4, 0xC9, 0x39, 0x1E, 0x1F, 0x38, 0x28, 0x3A, 0xCF, 0x94, 0xD6, 0xB3, 0x6B, 0xDF, 0xCE, 0xBD, 
0xBB, 0xF7, 0xEF, 0xE0, 0xC3, 0x83, 0x47, 0x0F, 0x20, 0x5E, 0xA3, 0x07, 0x05, 0x3E, 0x50, 0x28, 
0x24, 0x50, 0xBE, 0x30, 0x95, 0x1D, 0x1C, 0x0A, 0x28, 0x1F, 0xB4, 0x20, 0x41, 0xFB, 0xB9, 0x30, 
0x08, 0x1F, 0x1C, 0xD0, 0xE0, 0x81, 0x88, 0x03, 0xF7, 0x01, 0x98, 0x50, 0x01, 0x10, 0xE8, 0x77, 
0x9F, 0x43, 0x3B, 0x1D, 0x98, 0x99, 0x82, 0x09, 0x25, 0x40, 0xA0, 0x81, 0x0C, 0x16, 0xC4, 0x1F, 
0x60, 0x16, 0x44, 0x68, 0x50, 0x45, 0x41, 0x59, 0x88, 0x50, 0x21, 0x06, 0x05, 0x04, 0x00, 0x21, 
0xF9, 0x04, 0x05, 0x0A, 0x00, 0x86, 0x00, 0x2C, 0x26, 0x00, 0x08, 0x00, 0x37, 0x00, 0x37, 0x00, 
0x00, 0x08, 0xFF, 0x00, 0x0D, 0x09, 0x1C, 0x48, 0xB0, 0xA0, 0x41, 0x82, 0x85, 0x0E, 0x2A, 0x5C, 
0xC8, 0xB0, 0xA1, 0xC2, 0x42, 0x83, 0x06, 0x25, 0x3C, 0x38, 0xD1, 0xA1, 0xC5, 0x8B, 0x85, 0x24, 
0x04, 0x08, 0x20, 0xE1, 0x60, 0x80, 0x01, 0x04, 0x2E, 0x8A, 0x74, 0xD8, 0x00, 0x04, 0x88, 0x83, 
0x16, 0x0A, 0x24, 0x18, 0x50, 0x71, 0xA4, 0x4B, 0x82, 0x13, 0x62, 0x2C, 0xDC, 0x40, 0x21, 0xC0, 
0xCB, 0x9B, 0x23, 0x29, 0xE0, 0xDC, 0xC9, 0xB3, 0xA7, 0xCF, 0x9F, 0x40, 0x83, 0x0A, 0x1D, 0x4A, 
0xB4, 0xA8, 0xD1, 0x82, 0x2D, 0x8F, 0x8E, 0x8C, 0x28, 0x51, 0xE9, 0xC8, 0x00, 0x02, 0x04, 0x70, 
0xDC, 0x69, 0xC2, 0x82, 0x50, 0x05, 0x17, 0x34, 0xF0, 0xDC, 0x50, 0xC0, 0x66, 0x50, 0x0F, 0x3C, 
0x29, 0x50, 0x58, 0x99, 0xD4, 0x69, 0xC3, 0x8F, 0x21, 0xCD, 0x8E, 0x2C, 0xAB, 0xB6, 0xAD, 0xDB, 
0xB7, 0x70, 0xE3, 0xCA, 0x9D, 0x4B, 0xB7, 0xAE, 0xDD, 0xBB, 0x08, 0x0B, 0xE9, 0x2D, 0x54, 0xA2, 
0xC5, 0xDB, 0xBD, 0x80, 0x03, 0x43, 0x14, 0x60, 0xA0, 0xA8, 0xE0, 0xC3, 0x88, 0xFB, 0x1A, 0x00, 
0xB0, 0x33, 0xA2, 0x41, 0xA6, 0x90, 0x23, 0x4B, 0x66, 0x3A, 0x00, 0xC5, 0x89, 0x08, 0x8C, 0x6F, 
0x6A, 0x8C, 0x4A, 0x30, 0xAA, 0xE7, 0xCF, 0xA0, 0x43, 0x0B, 0xA8, 0xF0, 0x80, 0x03, 0x04, 0x12, 
0x38, 0x07, 0x05, 0xD0, 0x70, 0xC1, 0x40, 0xE1, 0x81, 0xAE, 0x63, 0xCB, 0x9E, 0x5D, 0x78, 0x76, 
0x04, 0x04, 0x99, 0x71, 0x0A, 0xB0, 0x40, 0x22, 0xF7, 0x41, 0x00, 0xC0, 0x83, 0x0B, 0x1F, 0x0E, 
0x9C, 0x10, 0xA1, 0x83, 0x3A, 0x2D, 0xAE, 0xEE, 0x80, 0xA0, 0x20, 0xF1, 0xE7, 0xC2, 0x8D, 0x0F, 
0x3F, 0x3E, 0x70, 0x46, 0x87, 0x09, 0x2C, 0x1B, 0x66, 0x6C, 0x30, 0xA1, 0x80, 0x02, 0xD8, 0xB4, 
0xC3, 0xC7, 0x78, 0xBE, 0x8D, 0x20, 0xC2, 0x78, 0x12, 0xD4, 0x0D, 0x59, 0xD0, 0xD0, 0xA0, 0xA9, 
0xF6, 0x41, 0x03, 0xBC, 0x0E, 0x14, 0x4D, 0x9F, 0xB4, 0xD8, 0x07, 0x15, 0x04, 0xB4, 0xB8, 0x5C, 
0x90, 0x23, 0x5B, 0x8A, 0x6C, 0x4D, 0x26, 0xE0, 0x00, 0x02, 0x0D, 0x10, 0xD1, 0x0D, 0x7E, 0x19, 
0xF4, 0x1F, 0x5E, 0x0C, 0x36, 0xE8, 0xE0, 0x83, 0x10, 0x3A, 0xD8, 0x80, 0x83, 0x26, 0x40, 0x70, 
0x42, 0x05, 0x0C, 0x0D, 0xF2, 0x16, 0x21, 0x24, 0x44, 0xA0, 0xC0, 0x0A, 0x07, 0x11, 0x30, 0x00, 
0x77, 0x6F, 0x05, 0xA7, 0xD0, 0x02, 0x09, 0x14, 0x00, 0x41, 0x73, 0x6E, 0xB1, 0xA8, 0x90, 0x03, 
0x07, 0xF8, 0x86, 0x17, 0x03, 0x74, 0xD1, 0xD8, 0x20, 0x06, 0x30, 0xCA, 0x58, 0x17, 0x8A, 0xDE, 
0x5D, 0xC0, 0xA0, 0x88, 0x50, 0x3D, 0xA8, 0x61, 0x41, 0x01, 0x01, 0x00, 0x21, 0xF9, 0x04, 0x05, 
0x0A, 0x00, 0x86, 0x00, 0x2C, 0x38, 0x00, 0x25, 0x00, 0x25, 0x00, 0x0D, 0x00, 0x00, 0x08, 0xF5, 
0x00, 0x0D, 0x09, 0x1C, 0x44, 0x50, 0xA0, 0xC1, 0x83, 0x08, 0x13, 0x2A, 0x44, 0x48, 0x60, 0x40, 
0x00, 0x01, 0x01, 0x06, 0x20, 0x2C, 0x44, 0xB1, 0xA2, 0xC5, 0x8B, 0x85, 0x0C, 0x12, 0x48, 0x98, 
0xE1, 0x43, 0x01, 0x0B, 0x05, 0x1E, 0x54, 0x30, 0x18, 0x91, 0x20, 0x41, 0x8C, 0x16, 0x25, 0x04, 
0x30, 0x14, 0x80, 0x46, 0x82, 0x02, 0x1A, 0x43, 0x8C, 0x48, 0x61, 0x02, 0x41, 0x04, 0x83, 0x0A, 
0x42, 0x56, 0x10, 0x00, 0x71, 0x80, 0xC9, 0x41, 0x16, 0x07, 0x05, 0xD0, 0x60, 0x81, 0xC5, 0x83, 
0x15, 0x07, 0x0E, 0x76, 0x74, 0x90, 0xD4, 0xC4, 0x41, 0x9B, 0x06, 0x0C, 0xE4, 0x14, 0xC9, 0xB3, 
0x24, 0xC1, 0x1B, 0x15, 0x14, 0xB8, 0x50, 0xB0, 0x44, 0x81, 0x07, 0x00, 0x1A, 0x17, 0xBC, 0x54, 
0x10, 0x01, 0xC1, 0x42, 0xA8, 0x52, 0x75, 0xF2, 0x6C, 0x71, 0x22, 0xC2, 0x01, 0x36, 0x68, 0x64, 
0x18, 0x00, 0x43, 0x42, 0xA3, 0xC3, 0x0A, 0x0F, 0x0A, 0x28, 0x10, 0x58, 0x16, 0x80, 0x5F, 0x00, 
0x26, 0xFE, 0xDA, 0x4C, 0x08, 0x03, 0x0E, 0x9E, 0x13, 0x7D, 0xF8, 0x34, 0x61, 0x60, 0xB0, 0x10, 
0x41, 0x87, 0x02, 0xF1, 0xEA, 0x8D, 0x6A, 0xA0, 0xAF, 0xDF, 0xC0, 0x7F, 0x01, 0x30, 0x20, 0x01, 
0x46, 0x8B, 0x96, 0x18, 0x74, 0x09, 0x4D, 0xCC, 0x68, 0xD0, 0x21, 0x4F, 0x01, 0x92, 0x15, 0x44, 
0xB5, 0x9C, 0xD9, 0x84, 0x07, 0x0F, 0x81, 0x09, 0x89, 0x5E, 0x68, 0xF0, 0xE7, 0x20, 0xD3, 0xA8, 
0xF3, 0xAA, 0xA6, 0xCC, 0x3B, 0x02, 0x09, 0xD9, 0xB4, 0x69, 0xFF, 0xC4, 0x7D, 0xFA, 0x34, 0xDB, 
0x08, 0x00, 0x66, 0x07, 0x5F, 0x6E, 0xFB, 0xE7, 0x0D, 0x26, 0x06, 0x92, 0x2F, 0x9F, 0x1E, 0xFC, 
0xC1, 0x4D, 0x43, 0x01, 0x01, 0x00, 0x21, 0xF9, 0x04, 0x05, 0x0A, 0x00, 0x86, 0x00, 0x2C, 0x29, 
0x00, 0x08, 0x00, 0x34, 0x00, 0x2D, 0x00, 0x00, 0x08, 0xFF, 0x00, 0x0D, 0x09, 0x1C, 0x48, 0xB0, 
0xA0, 0x41, 0x43, 0x04, 0x0E, 0x2A, 0x5C, 0xC8, 0xB0, 0x61, 0x41, 0x09, 0x21, 0x32, 0x24, 0x3C, 
0x38, 0xC8, 0xA1, 0x45, 0x8B, 0x83, 0x78, 0x20, 0xF9, 0x30, 0xE0, 0xA0, 0x80, 0x00, 0x12, 0x2E, 
0x8A, 0x5C, 0x58, 0x41, 0x89, 0x8C, 0x83, 0x17, 0x2E, 0x68, 0x08, 0x50, 0x71, 0xA4, 0xCB, 0x81, 
0x0F, 0x3A, 0x2C, 0xF4, 0x60, 0x41, 0xC0, 0xCB, 0x9B, 0x16, 0x0B, 0xE0, 0xDC, 0xC9, 0xB3, 0xA7, 
0xCF, 0x9F, 0x40, 0x83, 0x0A, 0x1D, 0x4A, 0xB4, 0xE8, 0xCD, 0x89, 0x46, 0x47, 0x0E, 0x88, 0x88, 
0x34, 0x69, 0xC3, 0x06, 0x2A, 0x46, 0x70, 0x7C, 0x09, 0x40, 0x81, 0xD0, 0x0E, 0x38, 0x74, 0xBE, 
0xF4, 0x70, 0xC1, 0x66, 0x50, 0x13, 0x37, 0x0B, 0x58, 0x58, 0xD9, 0xD2, 0xA9, 0xC3, 0x8F, 0x21, 
0xCD, 0x5E, 0x2C, 0xAB, 0xB6, 0xAD, 0xDB, 0xB7, 0x70, 0xE3, 0xCA, 0x9D, 0x4B, 0xB7, 0xAE, 0xDD, 
0xBB, 0x37, 0x07, 0xB1, 0xA5, 0x4B, 0x60, 0x40, 0x80, 0x00, 0x03, 0xF4, 0xD6, 0x1D, 0x90, 0x80, 
0x02, 0x85, 0x07, 0x15, 0x00, 0x0B, 0x2C, 0x04, 0x77, 0x50, 0x00, 0x0A, 0x1B, 0x10, 0x44, 0x50, 
0x50, 0x00, 0x31, 0xE0, 0x41, 0x85, 0x32, 0x33, 0x76, 0xEA, 0x18, 0x32, 0x80, 0xCF, 0x92, 0x29, 
0x4F, 0x68, 0x10, 0x18, 0xB3, 0xE6, 0xCC, 0x45, 0x09, 0x17, 0x80, 0x80, 0x00, 0x00, 0x03, 0x81, 
0x08, 0x20, 0x70, 0xB0, 0x5C, 0xFA, 0xB4, 0xE6, 0x41, 0x02, 0x2E, 0x30, 0xD4, 0xEA, 0x70, 0x40, 
0x83, 0x09, 0x1C, 0x20, 0x0C, 0x7C, 0x1D, 0xBA, 0x72, 0xE2, 0xDA, 0xB7, 0x05, 0x18, 0xD8, 0xB0, 
0xE2, 0x01, 0x0B, 0x05, 0x11, 0x04, 0x6E, 0x88, 0x02, 0x85, 0x46, 0x53, 0x85, 0x85, 0x06, 0xF9, 
0x9E, 0x20, 0x30, 0x42, 0x6B, 0x00, 0xB0, 0x27, 0x1B, 0xAB, 0xBF, 0x8C, 0x19, 0xB7, 0x85, 0x18, 
0x0F, 0x68, 0x04, 0xA8, 0x70, 0x22, 0x02, 0x80, 0x0B, 0x4E, 0x9E, 0x84, 0xB8, 0xBE, 0x70, 0xB3, 
0xA1, 0x0A, 0x0F, 0x0A, 0x40, 0xFF, 0xFE, 0xD9, 0x90, 0x78, 0xDA, 0x37, 0x34, 0x00, 0x02, 0x08, 
0x0D, 0xE8, 0x75, 0x43, 0x0B, 0x06, 0x80, 0x27, 0x00, 0x0F, 0x69, 0xBD, 0xE4, 0x17, 0x7E, 0xFA, 
0x79, 0xE7, 0x1A, 0x68, 0x86, 0x50, 0x86, 0x98, 0x00, 0x15, 0xA0, 0x10, 0x58, 0x76, 0xCA, 0x81, 
0x67, 0xC8, 0x5E, 0x2E, 0xE9, 0xF5, 0xE0, 0x03, 0xC1, 0x7D, 0xC7, 0x00, 0x68, 0x93, 0x71, 0xF0, 
0x02, 0x13, 0x1F, 0x0D, 0x70, 0x60, 0x82, 0x42, 0x89, 0xF8, 0x5B, 0x84, 0xFC, 0xA1, 0x68, 0x80, 
0x85, 0x4C, 0xB4, 0xE7, 0xE1, 0x50, 0xDA, 0xAD, 0x97, 0x9F, 0x02, 0x06, 0x48, 0x08, 0x80, 0x09, 
0x26, 0x00, 0x20, 0x59, 0x90, 0x24, 0xBC, 0x66, 0x94, 0x88, 0x01, 0x60, 0xF8, 0xA3, 0x01, 0x41, 
0xB6, 0x56, 0x24, 0x00, 0x84, 0xB4, 0x65, 0xA0, 0x14, 0x28, 0x54, 0xE0, 0xA4, 0x7E, 0x54, 0x90, 
0x40, 0x48, 0x95, 0x70, 0x65, 0x18, 0x98, 0x5F, 0x3E, 0xEC, 0x00, 0x83, 0x92, 0x75, 0xDD, 0xD0, 
0xC3, 0x0A, 0x04, 0x05, 0x04, 0x00, 0x21, 0xF9, 0x04, 0x05, 0x0A, 0x00, 0x86, 0x00, 0x2C, 0x27, 
0x00, 0x1A, 0x00, 0x35, 0x00, 0x1F, 0x00, 0x00, 0x08, 0xFF, 0x00, 0x0D, 0x19, 0x62, 0x20, 0xB0, 
0xA0, 0xC1, 0x83, 0x08, 0x13, 0x2A, 0x5C, 0x88, 0xF0, 0x81, 0x88, 0x03, 0x00, 0x00, 0x30, 0x9C, 
0x48, 0xB1, 0xA2, 0xC0, 0x05, 0x09, 0x0A, 0x28, 0x30, 0x60, 0xB1, 0xA3, 0xC7, 0x82, 0x04, 0x06, 
0x04, 0x10, 0xF0, 0xB1, 0xA4, 0xC7, 0x41, 0x26, 0x53, 0xAA, 0x5C, 0xC9, 0xB2, 0xA5, 0xCB, 0x97, 
0x30, 0x63, 0xCA, 0x2C, 0x49, 0x60, 0x66, 0x4A, 0x02, 0x19, 0x42, 0x0C, 0x40, 0x69, 0xD3, 0xE3, 
0x80, 0x0F, 0x23, 0x54, 0x34, 0x18, 0xD0, 0xD3, 0xE2, 0xA0, 0x00, 0x14, 0x70, 0x74, 0xE0, 0x30, 
0xA1, 0x81, 0xC0, 0x42, 0x45, 0x2B, 0x02, 0x40, 0x00, 0x81, 0xE9, 0xD0, 0x41, 0x50, 0xA3, 0x1E, 
0x2C, 0x34, 0x20, 0x81, 0x83, 0x03, 0x04, 0x0D, 0x55, 0x6D, 0xBA, 0xB3, 0x50, 0xD6, 0x95, 0x05, 
0x2A, 0x12, 0x58, 0x80, 0xE1, 0x6B, 0x41, 0xAA, 0x56, 0xCB, 0x9A, 0x35, 0x39, 0xC5, 0x84, 0x02, 
0x92, 0x13, 0x0B, 0xAD, 0xCD, 0x58, 0x90, 0xC1, 0xD4, 0xB1, 0x57, 0xCD, 0xCE, 0xED, 0x78, 0xC0, 
0xC3, 0x05, 0x01, 0x3C, 0x27, 0xD6, 0x14, 0xC8, 0x01, 0x02, 0x02, 0x00, 0x04, 0xE1, 0x92, 0xC5, 
0x2A, 0xF8, 0xEC, 0xC4, 0x0B, 0x1A, 0x02, 0x24, 0xB6, 0xD8, 0x60, 0x42, 0xE3, 0xC7, 0x91, 0x01, 
0x0F, 0x20, 0x50, 0xF9, 0x28, 0xC5, 0x00, 0x29, 0x07, 0x74, 0xFE, 0x0C, 0xF9, 0x6F, 0x81, 0x04, 
0x0B, 0x06, 0x51, 0x2E, 0x24, 0x21, 0x40, 0x00, 0x09, 0x96, 0x5F, 0x0E, 0x52, 0xED, 0xD9, 0x71, 
0xEB, 0x03, 0x22, 0x1E, 0x54, 0x08, 0x20, 0x57, 0xB6, 0xE0, 0x41, 0x15, 0x64, 0xEE, 0x5E, 0xED, 
0x9B, 0x01, 0x82, 0x08, 0x0A, 0x0A, 0x4C, 0xAE, 0xCC, 0xF5, 0x81, 0xCD, 0xE5, 0xBD, 0x11, 0xF8, 
0xFD, 0x1B, 0x97, 0xF2, 0xA0, 0x06, 0x1C, 0x10, 0xF4, 0x56, 0x5C, 0xEE, 0x10, 0x62, 0x6B, 0xC9, 
0x57, 0x17, 0x3C, 0x80, 0x20, 0xB1, 0xE8, 0x20, 0x8C, 0x1A, 0x23, 0x90, 0x20, 0x44, 0x88, 0xFB, 
0x03, 0x26, 0x0E, 0xB5, 0x6B, 0x0D, 0x19, 0xA0, 0xC2, 0x89, 0x08, 0x00, 0xD0, 0x17, 0xD1, 0x73, 
0x06, 0x44, 0x20, 0x9E, 0x56, 0x05, 0x0D, 0x72, 0x43, 0x0B, 0x06, 0x04, 0x48, 0xC2, 0x14, 0x24, 
0x6C, 0x17, 0x20, 0x82, 0x08, 0x35, 0xC8, 0xC0, 0x14, 0x71, 0x4C, 0xC1, 0x00, 0x7D, 0xF4, 0x51, 
0xB8, 0x10, 0x84, 0x1C, 0x12, 0xE2, 0x21, 0x43, 0x21, 0x8A, 0x38, 0x22, 0x89, 0x07, 0x05, 0x04, 
0x00, 0x21, 0xF9, 0x04, 0x05, 0x0A, 0x00, 0x86, 0x00, 0x2C, 0x38, 0x00, 0x23, 0x00, 0x23, 0x00, 
0x15, 0x00, 0x00, 0x08, 0xFF, 0x00, 0x0D, 0x19, 0x1A, 0x44, 0x70, 0x90, 0xC0, 0x83, 0x08, 0x13, 
0x2A, 0x5C, 0x78, 0x50, 0x42, 0x00, 0x01, 0x02, 0x02, 0x0C, 0x20, 0xC0, 0xB0, 0xA2, 0xC5, 0x41, 
0x01, 0x34, 0x5C, 0x50, 0x50, 0x20, 0xC1, 0x02, 0x83, 0x16, 0x43, 0x26, 0x14, 0x60, 0xC1, 0x03, 
0x80, 0x03, 0x22, 0x1E, 0x34, 0x98, 0x28, 0xB2, 0xA5, 0xA1, 0x02, 0x07, 0x18, 0x30, 0x40, 0x00, 
0xA1, 0xE3, 0x02, 0x97, 0x38, 0x01, 0x30, 0x38, 0x99, 0x52, 0x20, 0x45, 0x9C, 0x0C, 0x13, 0x14, 
0x80, 0x80, 0xC0, 0x10, 0x03, 0x81, 0x36, 0x07, 0x15, 0x02, 0xAA, 0x70, 0x40, 0x83, 0x07, 0x22, 
0x62, 0x12, 0x32, 0x84, 0x52, 0xE5, 0xC4, 0xA5, 0x4C, 0x05, 0x16, 0x1A, 0xB4, 0x00, 0x83, 0x83, 
0x03, 0x00, 0xA6, 0xD2, 0xB4, 0x49, 0xA0, 0x10, 0xD6, 0xAC, 0x04, 0x16, 0x08, 0x25, 0xCA, 0x80, 
0xD0, 0x49, 0x07, 0x18, 0x3E, 0x9A, 0x3D, 0x0B, 0x94, 0x80, 0x53, 0xA8, 0x60, 0x09, 0x31, 0xA8, 
0xBA, 0xB2, 0xAC, 0xD9, 0xAC, 0x03, 0xD5, 0x0E, 0x45, 0x20, 0x73, 0xAC, 0x47, 0xA5, 0x73, 0xD1, 
0xDE, 0x8D, 0xAA, 0x93, 0xA7, 0x55, 0xBF, 0x7F, 0x99, 0x72, 0x5D, 0x4B, 0xF8, 0x68, 0x4D, 0x8F, 
0x90, 0x23, 0xE3, 0xB4, 0xFB, 0x94, 0xF1, 0xCE, 0x03, 0x70, 0xE5, 0xCE, 0x35, 0x3B, 0x60, 0x02, 
0xCE, 0xC9, 0x83, 0x65, 0xF2, 0x1D, 0x80, 0x78, 0x6B, 0x03, 0x0E, 0x75, 0x17, 0x83, 0x9D, 0x09, 
0x81, 0xC3, 0x84, 0xBE, 0x85, 0x4A, 0x43, 0x00, 0x20, 0x59, 0x30, 0x5B, 0x43, 0x86, 0x17, 0xDC, 
0x40, 0xC1, 0xA1, 0xA8, 0xE2, 0xCE, 0x08, 0x08, 0xB9, 0xAD, 0xCA, 0xE4, 0xC4, 0x6E, 0xC0, 0x02, 
0xB9, 0x3E, 0x80, 0x20, 0x50, 0x2F, 0x82, 0x08, 0x06, 0x22, 0x90, 0x80, 0x8E, 0xB0, 0x01, 0xC2, 
0xA9, 0x00, 0xC2, 0x1F, 0x02, 0x0C, 0x08, 0x00, 0x21, 0xF9, 0x04, 0x05, 0x0A, 0x00, 0x86, 0x00, 
0x2C, 0x27, 0x00, 0x1A, 0x00, 0x38, 0x00, 0x1F, 0x00, 0x00, 0x08, 0xFF, 0x00, 0x0D, 0x19, 0x02, 
0x20, 0xB0, 0xA0, 0xC1, 0x83, 0x08, 0x13, 0x2A, 0x5C, 0x68, 0x70, 0xD0, 0xA0, 0x82, 0x13, 0x38, 
0x40, 0x40, 0x60, 0x82, 0xA1, 0xC5, 0x8B, 0x16, 0x6F, 0x0C, 0x08, 0x10, 0x60, 0x00, 0x01, 0x43, 
0x03, 0x1A, 0x4C, 0x28, 0xA0, 0x00, 0xA3, 0x49, 0x93, 0x3D, 0xA4, 0x84, 0x9C, 0x40, 0x81, 0x42, 
0x82, 0x01, 0x86, 0x0A, 0x0D, 0xDA, 0x78, 0xB2, 0xE6, 0x42, 0x2D, 0x40, 0x7A, 0x54, 0x78, 0x20, 
0x11, 0xC1, 0x86, 0x02, 0x0D, 0x1E, 0xC6, 0xB4, 0x49, 0xB4, 0xA0, 0x01, 0x00, 0x00, 0xA8, 0xEC, 
0x58, 0xA1, 0x20, 0x02, 0x02, 0x00, 0x84, 0x00, 0x40, 0x98, 0x00, 0xB3, 0x68, 0xD1, 0x12, 0x2D, 
0x8E, 0x12, 0x22, 0x01, 0xE3, 0x29, 0x54, 0x42, 0x60, 0x11, 0x70, 0xB0, 0x6A, 0xD3, 0xE1, 0x00, 
0x14, 0x27, 0x22, 0x7C, 0x65, 0x00, 0xB6, 0x2D, 0x58, 0xA9, 0x64, 0x4D, 0xCE, 0x0C, 0xB0, 0x53, 
0x22, 0x09, 0xB7, 0x78, 0xDB, 0xC6, 0xB5, 0x68, 0x56, 0x24, 0x49, 0xA7, 0x5F, 0xF3, 0xE2, 0x25, 
0x5B, 0xA8, 0x70, 0x21, 0x84, 0x73, 0xEB, 0x4E, 0x44, 0x2A, 0xB8, 0xB1, 0x55, 0xC3, 0x90, 0x0D, 
0xF5, 0x1D, 0xD9, 0xF4, 0x69, 0xE3, 0xCB, 0x84, 0x8A, 0x1A, 0x76, 0xC8, 0x79, 0xA3, 0x62, 0xAF, 
0x98, 0x31, 0x6B, 0x26, 0xB0, 0x51, 0x80, 0xE9, 0x9D, 0x7F, 0x2D, 0x87, 0x0E, 0xAD, 0x79, 0x40, 
0x02, 0x92, 0x06, 0x62, 0x03, 0x0E, 0xBC, 0xFA, 0xB2, 0xD5, 0x41, 0x01, 0x28, 0x6C, 0x20, 0xC8, 
0xBB, 0x76, 0x6D, 0x85, 0x14, 0x2E, 0xE2, 0xA6, 0x70, 0x80, 0x01, 0xD2, 0xE3, 0xC8, 0x93, 0x2B, 
0x67, 0xDC, 0xF6, 0x78, 0xE6, 0x83, 0x4D, 0x0E, 0x14, 0x08, 0x70, 0xD1, 0xB5, 0x83, 0x2A, 0x11, 
0x62, 0x6B, 0xDF, 0xCE, 0xBD, 0xBB, 0x53, 0x06, 0x0C, 0x10, 0x64, 0xB9, 0xFF, 0x7E, 0x70, 0x43, 
0x14, 0x28, 0x34, 0x3E, 0x32, 0x24, 0xB0, 0xE0, 0xC3, 0x08, 0x15, 0x15, 0x4C, 0xCB, 0x9F, 0x4F, 
0x7F, 0xFE, 0x4E, 0x11, 0x07, 0x0E, 0x88, 0x78, 0xC0, 0xE4, 0x81, 0x08, 0x04, 0xCF, 0x15, 0xE4, 
0xC4, 0x13, 0x21, 0xA8, 0xB7, 0x5E, 0x06, 0x21, 0x0C, 0xC0, 0xD9, 0x82, 0x0C, 0x4A, 0xC6, 0xE0, 
0x20, 0x0B, 0x24, 0xD0, 0x52, 0x02, 0x0B, 0x18, 0xB2, 0xC0, 0x03, 0x11, 0x24, 0xC4, 0x43, 0x4D, 
0x1F, 0x41, 0xE6, 0xE1, 0x87, 0x07, 0x91, 0x26, 0x90, 0x47, 0x02, 0x55, 0xB0, 0x17, 0x42, 0x1F, 
0xA6, 0x78, 0xD8, 0x89, 0x44, 0xA9, 0x98, 0x22, 0x8B, 0x2D, 0xBA, 0x18, 0x19, 0x8C, 0x35, 0xC9, 
0x38, 0x23, 0x8D, 0x27, 0xB9, 0xB8, 0xE0, 0x8A, 0x38, 0x62, 0x94, 0xA2, 0x04, 0x01, 0x98, 0x16, 
0x80, 0x04, 0x85, 0xF5, 0x68, 0x12, 0x64, 0xB8, 0x69, 0x70, 0xC1, 0x05, 0x1A, 0x34, 0x50, 0x82, 
0x43, 0x0D, 0x18, 0x79, 0xD1, 0x66, 0x02, 0x5C, 0xE0, 0x81, 0x09, 0x10, 0x9C, 0x50, 0x41, 0x00, 
0x45, 0x3C, 0x20, 0xA5, 0x8F, 0x83, 0x08, 0x50, 0x92, 0x21, 0x24, 0x44, 0xA0, 0xC0, 0x0A, 0x39, 
0xD8, 0x80, 0xC0, 0x97, 0x18, 0x51, 0x57, 0x10, 0x52, 0x08, 0xC0, 0xE0, 0x02, 0x03, 0x6C, 0x5A, 
0x45, 0x67, 0x42, 0x01, 0x01, 0x00, 0x21, 0xF9, 0x04, 0x05, 0x0A, 0x00, 0x86, 0x00, 0x2C, 0x27, 
0x00, 0x1A, 0x00, 0x38, 0x00, 0x1F, 0x00, 0x00, 0x08, 0xFF, 0x00, 0x0D, 0x19, 0x62, 0x20, 0xB0, 
0xA0, 0xC1, 0x83, 0x08, 0x13, 0x2A, 0x5C, 0x68, 0x90, 0x40, 0xA1, 0x82, 0x0F, 0x44, 0x1C, 0x00, 
0x00, 0x80, 0xA1, 0xC5, 0x8B, 0x16, 0x07, 0x15, 0xDA, 0xB8, 0xD1, 0xD0, 0x82, 0x04, 0x05, 0x14, 
0x18, 0xC0, 0x48, 0x92, 0x24, 0x8A, 0x01, 0x0E, 0x39, 0x76, 0x24, 0x30, 0x20, 0x80, 0x80, 0x92, 
0x30, 0x17, 0x2A, 0xA8, 0x50, 0x42, 0x65, 0xA1, 0x41, 0x38, 0x1F, 0x1A, 0x1A, 0x14, 0xB3, 0x67, 
0xC1, 0x0B, 0x1E, 0x0E, 0x14, 0x08, 0xA0, 0x71, 0xE3, 0xA0, 0x96, 0x02, 0x02, 0x48, 0xF0, 0xC9, 
0x74, 0x50, 0x00, 0x0D, 0x16, 0x0A, 0x24, 0x18, 0xC0, 0x51, 0x42, 0x83, 0x09, 0x05, 0x2C, 0x68, 
0x60, 0x1A, 0x53, 0xA5, 0x04, 0x97, 0x01, 0x50, 0x1A, 0x0D, 0x00, 0x22, 0x06, 0x02, 0x0F, 0x1D, 
0xB8, 0x92, 0xB4, 0x69, 0x34, 0x27, 0x47, 0xA7, 0x65, 0x5D, 0x10, 0x54, 0xCB, 0x90, 0xAD, 0x5D, 
0x9B, 0x56, 0x4F, 0x44, 0xA8, 0xD8, 0x14, 0x27, 0xCF, 0x83, 0x77, 0x03, 0xAB, 0x2C, 0xD1, 0xC2, 
0x00, 0xDF, 0x9E, 0x5F, 0x05, 0x24, 0x45, 0x69, 0x48, 0xB0, 0xE3, 0xB7, 0x02, 0x0C, 0xFB, 0x74, 
0xAA, 0xE1, 0x82, 0x02, 0xA9, 0x0B, 0x8A, 0x3E, 0x16, 0x4C, 0x58, 0x72, 0xCF, 0x41, 0x02, 0x2C, 
0x78, 0x00, 0x70, 0x40, 0xC4, 0x83, 0x06, 0x62, 0x37, 0xBF, 0xC5, 0xC9, 0x12, 0x85, 0xDE, 0xC3, 
0x30, 0x9D, 0x16, 0x38, 0xC0, 0x80, 0x01, 0x02, 0x08, 0x98, 0x35, 0x3F, 0x4E, 0x1C, 0x80, 0x06, 
0x48, 0x08, 0x24, 0x98, 0x16, 0x1A, 0x90, 0xC0, 0xC1, 0x81, 0x81, 0x86, 0x4A, 0x9F, 0x4E, 0x2D, 
0x98, 0xB2, 0x05, 0x16, 0x0F, 0x56, 0x4C, 0x54, 0x58, 0xE0, 0x62, 0x21, 0x02, 0x1F, 0x0B, 0x40, 
0x40, 0x50, 0xFB, 0x76, 0x6E, 0xC7, 0xA0, 0x2F, 0xB8, 0xE6, 0x50, 0xB0, 0x44, 0xC1, 0x68, 0x84, 
0x53, 0x4C, 0x28, 0x78, 0x69, 0xF1, 0xFA, 0x80, 0x06, 0x11, 0x69, 0x13, 0x22, 0x6D, 0x1A, 0x75, 
0x4A, 0xBB, 0xA0, 0x0D, 0x6C, 0x58, 0xF1, 0x80, 0x85, 0x82, 0x08, 0xC1, 0x19, 0x74, 0x80, 0x07, 
0x17, 0x08, 0xF0, 0xD7, 0x42, 0x6F, 0x2D, 0x80, 0x81, 0x71, 0x00, 0x10, 0x62, 0x1B, 0x6E, 0x09, 
0x2C, 0x70, 0x9F, 0x4D, 0xA0, 0x59, 0x10, 0xC3, 0x03, 0x34, 0x04, 0x50, 0xC1, 0x6B, 0x07, 0x5D, 
0xA0, 0x01, 0x51, 0xD6, 0x6D, 0x84, 0xDD, 0x6F, 0xDC, 0xCD, 0x77, 0x80, 0x03, 0x18, 0x2C, 0xD0, 
0x18, 0x5B, 0x70, 0x81, 0xD0, 0x00, 0x4F, 0x37, 0x14, 0x96, 0x50, 0x00, 0x30, 0x3D, 0xC4, 0x12, 
0x7C, 0x12, 0x35, 0xC8, 0x80, 0x72, 0xF6, 0x01, 0xB6, 0x94, 0x21, 0x12, 0xE8, 0xC4, 0x1E, 0x5D, 
0x06, 0x0D, 0x92, 0xDD, 0x76, 0xDD, 0x41, 0x98, 0x19, 0x91, 0x3E, 0xDD, 0x18, 0x1F, 0x00, 0x0C, 
0xD0, 0xB7, 0x1C, 0x01, 0x4C, 0x7E, 0x76, 0x24, 0x77, 0x0F, 0x62, 0x46, 0x65, 0x95, 0x30, 0x39, 
0x99, 0x63, 0x94, 0x27, 0xA6, 0x78, 0x20, 0x97, 0x24, 0x19, 0x49, 0x62, 0x6D, 0x3C, 0x0E, 0x30, 
0x26, 0x99, 0x16, 0x79, 0x39, 0xD1, 0x83, 0x1C, 0x4C, 0xD0, 0x23, 0x9B, 0x18, 0x99, 0xA9, 0x1D, 
0x77, 0x00, 0x78, 0x17, 0xE1, 0x0D, 0x28, 0xD0, 0x79, 0x91, 0x97, 0x08, 0x10, 0x62, 0xA2, 0x69, 
0x4C, 0x9C, 0xE0, 0x67, 0x9D, 0x0B, 0x3C, 0x00, 0x81, 0x40, 0x0E, 0x22, 0x10, 0x81, 0x01, 0x00, 
0x1E, 0x8A, 0x51, 0x03, 0x06, 0x09, 0x4A, 0x51, 0x83, 0x92, 0x32, 0x45, 0x88, 0x42, 0x01, 0x01, 
0x00, 0x21, 0xF9, 0x04, 0x05, 0x0A, 0x00, 0x86, 0x00, 0x2C, 0x27, 0x00, 0x1A, 0x00, 0x35, 0x00, 
0x1F, 0x00, 0x00, 0x08, 0xFF, 0x00, 0x0D, 0x19, 0x02, 0x20, 0xB0, 0xA0, 0xC1, 0x83, 0x08, 0x13, 
0x2A, 0x5C, 0x88, 0x70, 0x02, 0x07, 0x08, 0x08, 0x4C, 0x30, 0x9C, 0x48, 0xB1, 0xA2, 0xC0, 0x01, 
0x0D, 0x26, 0x14, 0x50, 0x60, 0xB1, 0xA3, 0xC7, 0x82, 0x85, 0x06, 0x0D, 0x08, 0xF0, 0xB1, 0xA4, 
0xC7, 0x42, 0x26, 0x53, 0xAA, 0x5C, 0xC9, 0xB2, 0xA5, 0xCB, 0x97, 0x30, 0x63, 0xCA, 0xFC, 0x58, 
0xA8, 0x26, 0xCA, 0x99, 0x34, 0x43, 0x0E, 0xB2, 0x89, 0xD3, 0x62, 0x21, 0x02, 0x23, 0x03, 0x0C, 
0x18, 0xB4, 0xB3, 0x27, 0xC5, 0x42, 0x03, 0x12, 0x50, 0xA0, 0xF0, 0xA0, 0x82, 0x50, 0xA2, 0x46, 
0x27, 0x52, 0xD8, 0x80, 0x20, 0x82, 0x82, 0x02, 0x4D, 0x9F, 0x46, 0x45, 0x38, 0x28, 0xC0, 0x54, 
0x82, 0x00, 0xAA, 0x5E, 0x9D, 0xD0, 0x60, 0xE8, 0xA0, 0x96, 0x14, 0x2A, 0x26, 0x2D, 0x00, 0x11, 
0x6C, 0x58, 0x08, 0x1C, 0xB2, 0x9A, 0x35, 0xD9, 0xE4, 0x40, 0x01, 0x92, 0x13, 0x81, 0x66, 0x7C, 
0x88, 0x00, 0x00, 0x00, 0x06, 0x61, 0xAD, 0x62, 0x75, 0x3A, 0xB7, 0xE3, 0x86, 0x28, 0x50, 0x68, 
0x10, 0xA8, 0x28, 0x32, 0xE3, 0xC6, 0x08, 0x7D, 0xFD, 0x06, 0xBE, 0x2A, 0x17, 0x6A, 0x45, 0x27, 
0x4F, 0x42, 0x2C, 0xB6, 0x28, 0x32, 0x40, 0x85, 0x07, 0x8F, 0x23, 0xFB, 0x15, 0x3B, 0x58, 0xE8, 
0x8D, 0x06, 0x14, 0x79, 0x94, 0xD4, 0x39, 0xF2, 0x73, 0xE8, 0xBF, 0xA3, 0x05, 0x37, 0x15, 0x50, 
0x01, 0xC5, 0x50, 0x99, 0x35, 0x89, 0xB6, 0x7E, 0xC0, 0xC1, 0x50, 0x64, 0xC0, 0x93, 0x39, 0xBC, 
0x60, 0x22, 0xC0, 0x74, 0x0B, 0x98, 0x36, 0x59, 0x3B, 0x56, 0x00, 0x59, 0x72, 0x6C, 0x03, 0x94, 
0x99, 0x9C, 0xC0, 0x9D, 0xBC, 0xF3, 0x67, 0x43, 0x0A, 0x0C, 0x34, 0x07, 0x60, 0xC2, 0x44, 0x60, 
0xED, 0x24, 0xA8, 0x57, 0x66, 0xEF, 0x4C, 0x1B, 0x74, 0x76, 0xED, 0x7D, 0xBD, 0x03, 0x20, 0x84, 
0x33, 0xB9, 0x4D, 0xA2, 0x37, 0xA4, 0xA0, 0xA8, 0x50, 0x7E, 0x23, 0x15, 0x12, 0x84, 0xD8, 0xB7, 
0x77, 0x5F, 0x48, 0x42, 0x00, 0xDA, 0xB6, 0x75, 0xE6, 0xC3, 0x0E, 0x30, 0x30, 0xB0, 0x55, 0x75, 
0x01, 0x68, 0x70, 0xC1, 0x05, 0x1A, 0x34, 0x50, 0xC2, 0x59, 0x3D, 0xAC, 0xB0, 0x15, 0x48, 0xB9, 
0x09, 0x70, 0x81, 0x07, 0x26, 0x40, 0x70, 0x82, 0x53, 0x45, 0x3C, 0x30, 0xE1, 0x41, 0x21, 0x09, 
0xC0, 0x91, 0x21, 0x24, 0x58, 0xB5, 0x42, 0x0E, 0x36, 0x20, 0xF0, 0xE1, 0x41, 0x78, 0x09, 0x34, 
0x1A, 0x0C, 0x2E, 0x18, 0xB8, 0xE2, 0x44, 0x32, 0x16, 0x14, 0x10, 0x00, 0x21, 0xF9, 0x04, 0x05, 
0x0A, 0x00, 0x86, 0x00, 0x2C, 0x38, 0x00, 0x1A, 0x00, 0x27, 0x00, 0x1B, 0x00, 0x00, 0x08, 0xFF, 
0x00, 0x0D, 0x09, 0x1C, 0x48, 0xB0, 0xA0, 0xC1, 0x83, 0x06, 0x07, 0x0D, 0x42, 0xC8, 0xB0, 0x21, 
0xC2, 0x1B, 0x03, 0x02, 0x04, 0x18, 0x40, 0xC0, 0xA1, 0xC5, 0x83, 0x3D, 0xA4, 0x0C, 0x68, 0x30, 
0x81, 0x02, 0x85, 0x04, 0x03, 0x2E, 0x8A, 0x34, 0xA4, 0x05, 0x48, 0x8F, 0x0A, 0x0F, 0x38, 0x40, 
0x40, 0xB0, 0xA1, 0x40, 0x83, 0x85, 0x23, 0x11, 0x1A, 0x00, 0x00, 0x80, 0xCA, 0x8E, 0x15, 0x0A, 
0x22, 0x20, 0x00, 0x40, 0x08, 0x00, 0x84, 0x09, 0x21, 0x63, 0x16, 0x2C, 0xD1, 0x62, 0x26, 0x21, 
0x12, 0x30, 0x76, 0xF2, 0x24, 0xC4, 0x14, 0x01, 0x07, 0xA1, 0x03, 0x15, 0x0E, 0x40, 0x71, 0x22, 
0xC2, 0x52, 0x06, 0x4C, 0xB3, 0x32, 0xF5, 0x09, 0x75, 0x50, 0x44, 0x94, 0x2A, 0x49, 0x68, 0x1D, 
0x9B, 0x35, 0xA6, 0x54, 0x8E, 0x05, 0x72, 0xEE, 0x24, 0xCB, 0x56, 0xA4, 0xD7, 0x00, 0x60, 0x57, 
0xD2, 0x64, 0x4B, 0xB7, 0x60, 0xA1, 0x42, 0x04, 0xCF, 0x4E, 0x48, 0xAB, 0x73, 0x29, 0xDD, 0xBA, 
0x02, 0xEF, 0x2A, 0x84, 0xF9, 0x35, 0xA5, 0x5C, 0xBF, 0x7F, 0x01, 0x1B, 0x22, 0x10, 0x51, 0x80, 
0x63, 0x94, 0x7C, 0xD7, 0x26, 0x9E, 0x4C, 0x28, 0xF0, 0x80, 0x04, 0x69, 0x0D, 0x68, 0xEE, 0x8B, 
0x98, 0xB2, 0xE2, 0x83, 0x73, 0x3D, 0x53, 0xCE, 0x1B, 0x80, 0xC2, 0x01, 0x06, 0x00, 0x0C, 0xA5, 
0x56, 0x4D, 0xB3, 0xB5, 0xEB, 0xD7, 0xA1, 0xB7, 0xCE, 0x2D, 0x78, 0xD9, 0x41, 0x95, 0x08, 0x9A, 
0x73, 0xEB, 0xDE, 0xCD, 0x5B, 0x27, 0x03, 0x06, 0x08, 0x70, 0xFB, 0x26, 0x48, 0x60, 0xC1, 0x87, 
0x11, 0x2A, 0x2A, 0x38, 0x5E, 0xCE, 0xBC, 0x39, 0x73, 0x94, 0x22, 0x0E, 0x1C, 0x10, 0xF1, 0x80, 
0xC9, 0x03, 0x11, 0x08, 0x2A, 0x0F, 0x24, 0x90, 0x21, 0xC4, 0x80, 0xC1, 0xE0, 0xC3, 0x8B, 0x5A, 
0x57, 0xB8, 0x20, 0x81, 0xC7, 0x04, 0x0B, 0x0C, 0x2D, 0x78, 0x10, 0xE1, 0x60, 0x45, 0x43, 0x77, 
0xE3, 0xCB, 0x9F, 0x3F, 0x9F, 0xB1, 0xC4, 0xC5, 0x02, 0x2B, 0x88, 0xA4, 0xCF, 0x7F, 0xBE, 0xC2, 
0xF8, 0x83, 0xE8, 0x17, 0x53, 0x7F, 0x04, 0xC6, 0x37, 0xC0, 0x03, 0x50, 0x05, 0x56, 0xA0, 0x7F, 
0x0D, 0x70, 0x80, 0x40, 0x82, 0x0A, 0x2E, 0x58, 0xC8, 0x00, 0x13, 0x40, 0xB0, 0x1A, 0x84, 0x0A, 
0x82, 0x27, 0xDF, 0x20, 0x0D, 0x22, 0xC0, 0x00, 0x86, 0x07, 0x09, 0x10, 0x80, 0x04, 0x06, 0x56, 
0x78, 0x21, 0x88, 0x0C, 0x71, 0xF8, 0x54, 0x41, 0x01, 0x01, 0x00, 0x21, 0xF9, 0x04, 0x05, 0x0A, 
0x00, 0x86, 0x00, 0x2C, 0x27, 0x00, 0x1A, 0x00, 0x38, 0x00, 0x1F, 0x00, 0x00, 0x08, 0xFF, 0x00, 
0x0D, 0x19, 0x62, 0x20, 0xB0, 0xA0, 0xC1, 0x83, 0x08, 0x13, 0x2A, 0x5C, 0x68, 0x90, 0x40, 0xA1, 
0x82, 0x0F, 0x44, 0x1C, 0x00, 0x00, 0x80, 0xA1, 0xC5, 0x8B, 0x16, 0x07, 0x15, 0xDA, 0xB8, 0xD1, 
0xD0, 0x82, 0x04, 0x05, 0x14, 0x18, 0xC0, 0x48, 0x92, 0x24, 0x8A, 0x01, 0x0E, 0x39, 0x76, 0x24, 
0x30, 0x20, 0x80, 0x80, 0x92, 0x30, 0x17, 0x2A, 0xA8, 0x50, 0x42, 0x65, 0xA1, 0x41, 0x38, 0x1F, 
0x1A, 0x1A, 0x14, 0xB3, 0x67, 0xC1, 0x0B, 0x1E, 0x0E, 0x14, 0x08, 0xA0, 0x71, 0xE3, 0xA0, 0x96, 
0x02, 0x02, 0x48, 0xF0, 0xC9, 0x74, 0x50, 0x00, 0x0D, 0x16, 0x0A, 0x24, 0x18, 0xC0, 0x51, 0x42, 
0x83, 0x09, 0x05, 0x2C, 0x68, 0x60, 0x1A, 0x53, 0xA5, 0x04, 0x97, 0x01, 0x50, 0x1A, 0x0D, 0x00, 
0x22, 0x06, 0x02, 0x0F, 0x1D, 0xB8, 0x92, 0xB4, 0x69, 0x34, 0x27, 0x47, 0xA7, 0x65, 0x5D, 0x10, 
0x54, 0xCB, 0x90, 0xAD, 0x5D, 0x9B, 0x56, 0x4F, 0x44, 0xA8, 0xD8, 0x14, 0x27, 0xCF, 0x83, 0x77, 
0x03, 0xAB, 0x2C, 0xD1, 0xC2, 0x00, 0xDF, 0x9E, 0x5F, 0x05, 0x24, 0x45, 0x69, 0x48, 0xB0, 0xE3, 
0xB7, 0x02, 0x0C, 0xFB, 0x74, 0xAA, 0xE1, 0x82, 0x02, 0xA9, 0x0B, 0x8A, 0x3E, 0x16, 0x4C, 0x58, 
0x72, 0xCF, 0x41, 0x02, 0x2C, 0x78, 0x00, 0x70, 0x40, 0xC4, 0x83, 0x06, 0x62, 0x37, 0xBF, 0xC5, 
0xC9, 0x12, 0x85, 0xDE, 0xC3, 0x30, 0x9D, 0x16, 0x38, 0xC0, 0x80, 0x01, 0x02, 0x08, 0x98, 0x35, 
0x3F, 0x4E, 0x1C, 0x80, 0x06, 0x48, 0x08, 0x24, 0x98, 0x16, 0x1A, 0x90, 0xC0, 0xC1, 0x81, 0x81, 
0x86, 0x4A, 0x9F, 0x4E, 0x2D, 0x98, 0xB2, 0x05, 0x16, 0x0F, 0x56, 0x4C, 0x54, 0x58, 0xE0, 0x62, 
0x21, 0x02, 0x1F, 0x0B, 0x40, 0x40, 0x50, 0xFB, 0x76, 0x6E, 0xC7, 0xA0, 0x2F, 0xB8, 0xE6, 0x50, 
0xB0, 0x44, 0xC1, 0x68, 0x84, 0x53, 0x4C, 0x28, 0x78, 0x69, 0xF1, 0xFA, 0x80, 0x06, 0x11, 0x69, 
0x13, 0x22, 0x6D, 0x1A, 0x75, 0x4A, 0xBB, 0xA0, 0x0D, 0x6C, 0x58, 0xF1, 0x80, 0x85, 0x82, 0x08, 
0xC1, 0x19, 0x74, 0x80, 0x07, 0x17, 0x08, 0xF0, 0xD7, 0x42, 0x6F, 0x2D, 0x80, 0x81, 0x71, 0x00, 
0x10, 0x62, 0x1B, 0x6E, 0x09, 0x2C, 0x70, 0x9F, 0x4D, 0xA0, 0x59, 0x10, 0xC3, 0x03, 0x34, 0x04, 
0x50, 0xC1, 0x6B, 0x07, 0x5D, 0xA0, 0x01, 0x51, 0xD6, 0x6D, 0x84, 0xDD, 0x6F, 0xDC, 0xCD, 0x77, 
0x80, 0x03, 0x18, 0x2C, 0xD0, 0x18, 0x5B, 0x70, 0x81, 0xD0, 0x00, 0x4F, 0x37, 0x14, 0x96, 0x50, 
0x00, 0x30, 0x3D, 0xC4, 0x12, 0x7C, 0x12, 0x35, 0xC8, 0x80, 0x72, 0xF6, 0x01, 0xB6, 0x94, 0x21, 
0x12, 0xE8, 0xC4, 0x1E, 0x5D, 0x06, 0x0D, 0x92, 0xDD, 0x76, 0xDD, 0x41, 0x98, 0x19, 0x91, 0x3E, 
0xDD, 0x18, 0x1F, 0x00, 0x0C, 0xD0, 0xB7, 0x1C, 0x01, 0x4C, 0x7E, 0x76, 0x24, 0x77, 0x0F, 0x62, 
0x46, 0x65, 0x95, 0x30, 0x39, 0x99, 0x63, 0x94, 0x27, 0xA6, 0x78, 0x20, 0x97, 0x24, 0x19, 0x49, 
0x62, 0x6D, 0x3C, 0x0E, 0x30, 0x26, 0x99, 0x16, 0x79, 0x39, 0xD1, 0x83, 0x1C, 0x4C, 0xD0, 0x23, 
0x9B, 0x18, 0x99, 0xA9, 0x1D, 0x77, 0x00, 0x78, 0x17, 0xE1, 0x0D, 0x28, 0xD0, 0x79, 0x91, 0x97, 
0x08, 0x10, 0x62, 0xA2, 0x69, 0x4C, 0x9C, 0xE0, 0x67, 0x9D, 0x0B, 0x3C, 0x00, 0x81, 0x40, 0x0E, 
0x22, 0x10, 0x81, 0x01, 0x00, 0x1E, 0x8A, 0x51, 0x03, 0x06, 0x09, 0x4A, 0x51, 0x83, 0x92, 0x32, 
0x45, 0x88, 0x42, 0x01, 0x01, 0x00, 0x21, 0xF9, 0x04, 0x05, 0x0A, 0x00, 0x86, 0x00, 0x2C, 0x27, 
0x00, 0x1A, 0x00, 0x35, 0x00, 0x1F, 0x00, 0x00, 0x08, 0xFF, 0x00, 0x0D, 0x19, 0x02, 0x20, 0xB0, 
0xA0, 0xC1, 0x83, 0x08, 0x13, 0x2A, 0x5C, 0x88, 0x70, 0x02, 0x07, 0x08, 0x08, 0x4C, 0x30, 0x9C, 
0x48, 0xB1, 0xA2, 0xC0, 0x01, 0x0D, 0x26, 0x14, 0x50, 0x60, 0xB1, 0xA3, 0xC7, 0x82, 0x85, 0x06, 
0x0D, 0x08, 0xF0, 0xB1, 0xA4, 0xC7, 0x42, 0x26, 0x53, 0xAA, 0x5C, 0xC9, 0xB2, 0xA5, 0xCB, 0x97, 
0x30, 0x63, 0xCA, 0xFC, 0x58, 0xA8, 0x26, 0xCA, 0x99, 0x34, 0x43, 0x0E, 0xB2, 0x89, 0xD3, 0x62, 
0x21, 0x02, 0x23, 0x03, 0x0C, 0x18, 0xB4, 0xB3, 0x27, 0xC5, 0x42, 0x03, 0x12, 0x50, 0xA0, 0xF0, 
0xA0, 0x82, 0x50, 0xA2, 0x46, 0x27, 0x52, 0xD8, 0x80, 0x20, 0x82, 0x82, 0x02, 0x4D, 0x9F, 0x46, 
0x45, 0x38, 0x28, 0xC0, 0x54, 0x82, 0x00, 0xAA, 0x5E, 0x9D, 0xD0, 0x60, 0xE8, 0xA0, 0x96, 0x14, 
0x2A, 0x26, 0x2D, 0x00, 0x11, 0x6C, 0x58, 0x08, 0x1C, 0xB2, 0x9A, 0x35, 0xD9, 0xE4, 0x40, 0x01, 
0x92, 0x13, 0x81, 0x66, 0x7C, 0x88, 0x00, 0x00, 0x00, 0x06, 0x61, 0xAD, 0x62, 0x75, 0x3A, 0xB7, 
0xE3, 0x86, 0x28, 0x50, 0x68, 0x10, 0xA8, 0x28, 0x32, 0xE3, 0xC6, 0x08, 0x7D, 0xFD, 0x06, 0xBE, 
0x2A, 0x17, 0x6A, 0x45, 0x27, 0x4F, 0x42, 0x2C, 0xB6, 0x28, 0x32, 0x40, 0x85, 0x07, 0x8F, 0x23, 
0xFB, 0x15, 0x3B, 0x58, 0xE8, 0x8D, 0x06, 0x14, 0x79, 0x94, 0xD4, 0x39, 0xF2, 0x73, 0xE8, 0xBF, 
0xA3, 0x05, 0x37, 0x15, 0x50, 0x01, 0xC5, 0x50, 0x99, 0x35, 0x89, 0xB6, 0x7E, 0xC0, 0xC1, 0x50, 
0x64, 0xC0, 0x93, 0x39, 0xBC, 0x60, 0x22, 0xC0, 0x74, 0x0B, 0x98, 0x36, 0x59, 0x3B, 0x56, 0x00, 
0x59, 0x72, 0x6C, 0x03, 0x94, 0x99, 0x9C, 0xC0, 0x9D, 0xBC, 0xF3, 0x67, 0x43, 0x0A, 0x0C, 0x34, 
0x07, 0x60, 0xC2, 0x44, 0x60, 0xED, 0x24, 0xA8, 0x57, 0x66, 0xEF, 0x4C, 0x1B, 0x74, 0x76, 0xED, 
0x7D, 0xBD, 0x03, 0x20, 0x84, 0x33, 0xB9, 0x4D, 0xA2, 0x37, 0xA4, 0xA0, 0xA8, 0x50, 0x7E, 0x23, 
0x15, 0x12, 0x84, 0xD8, 0xB7, 0x77, 0x5F, 0x48, 0x42, 0x00, 0xDA, 0xB6, 0x75, 0xE6, 0xC3, 0x0E, 
0x30, 0x30, 0xB0, 0x55, 0x75, 0x01, 0x68, 0x70, 0xC1, 0x05, 0x1A, 0x34, 0x50, 0xC2, 0x59, 0x3D, 
0xAC, 0xB0, 0x15, 0x48, 0xB9, 0x09, 0x70, 0x81, 0x07, 0x26, 0x40, 0x70, 0x82, 0x53, 0x45, 0x3C, 
0x30, 0xE1, 0x41, 0x21, 0x09, 0xC0, 0x91, 0x21, 0x24, 0x58, 0xB5, 0x42, 0x0E, 0x36, 0x20, 0xF0, 
0xE1, 0x41, 0x78, 0x09, 0x34, 0x1A, 0x0C, 0x2E, 0x18, 0xB8, 0xE2, 0x44, 0x32, 0x16, 0x14, 0x10, 
0x00, 0x21, 0xF9, 0x04, 0x05, 0x0A, 0x00, 0x86, 0x00, 0x2C, 0x38, 0x00, 0x1A, 0x00, 0x27, 0x00, 
0x1B, 0x00, 0x00, 0x08, 0xFF, 0x00, 0x0D, 0x09, 0x1C, 0x48, 0xB0, 0xA0, 0xC1, 0x83, 0x06, 0x07, 
0x0D, 0x42, 0xC8, 0xB0, 0x21, 0xC2, 0x1B, 0x03, 0x02, 0x04, 0x18, 0x40, 0xC0, 0xA1, 0xC5, 0x83, 
0x3D, 0xA4, 0x0C, 0x68, 0x30, 0x81, 0x02, 0x85, 0x04, 0x03, 0x2E, 0x8A, 0x34, 0xA4, 0x05, 0x48, 
0x8F, 0x0A, 0x0F, 0x38, 0x40, 0x40, 0xB0, 0xA1, 0x40, 0x83, 0x85, 0x23, 0x11, 0x1A, 0x00, 0x00, 
0x80, 0xCA, 0x8E, 0x15, 0x0A, 0x22, 0x20, 0x00, 0x40, 0x08, 0x00, 0x84, 0x09, 0x21, 0x63, 0x16, 
0x2C, 0xD1, 0x62, 0x26, 0x21, 0x12, 0x30, 0x76, 0xF2, 0x24, 0xC4, 0x14, 0x01, 0x07, 0xA1, 0x03, 
0x15, 0x0E, 0x40, 0x71, 0x22, 0xC2, 0x52, 0x06, 0x4C, 0xB3, 0x32, 0xF5, 0x09, 0x75, 0x50, 0x44, 
0x94, 0x2A, 0x49, 0x68, 0x1D, 0x9B, 0x35, 0xA6, 0x54, 0x8E, 0x05, 0x72, 0xEE, 0x24, 0xCB, 0x56, 
0xA4, 0xD7, 0x00, 0x60, 0x57, 0xD2, 0x64, 0x4B, 0xB7, 0x60, 0xA1, 0x42, 0x04, 0xCF, 0x4E, 0x48, 
0xAB, 0x73, 0x29, 0xDD, 0xBA, 0x02, 0xEF, 0x2A, 0x84, 0xF9, 0x35, 0xA5, 0x5C, 0xBF, 0x7F, 0x01, 
0x1B, 0x22, 0x10, 0x51, 0x80, 0x63, 0x94, 0x7C, 0xD7, 0x26, 0x9E, 0x4C, 0x28, 0xF0, 0x80, 0x04, 
0x69, 0x0D, 0x68, 0xEE, 0x8B, 0x98, 0xB2, 0xE2, 0x83, 0x73, 0x3D, 0x53, 0xCE, 0x1B, 0x80, 0xC2, 
0x01, 0x06, 0x00, 0x0C, 0xA5, 0x56, 0x4D, 0xB3, 0xB5, 0xEB, 0xD7, 0xA1, 0xB7, 0xCE, 0x2D, 0x78, 
0xD9, 0x41, 0x95, 0x08, 0x9A, 0x73, 0xEB, 0xDE, 0xCD, 0x5B, 0x27, 0x03, 0x06, 0x08, 0x70, 0xFB, 
0x26, 0x48, 0x60, 0xC1, 0x87, 0x11, 0x2A, 0x2A, 0x38, 0x5E, 0xCE, 0xBC, 0x39, 0x73, 0x94, 0x22, 
0x0E, 0x1C, 0x10, 0xF1, 0x80, 0xC9, 0x03, 0x11, 0x08, 0x2A, 0x0F, 0x24, 0x90, 0x21, 0xC4, 0x80, 
0xC1, 0xE0, 0xC3, 0x8B, 0x5A, 0x57, 0xB8, 0x20, 0x81, 0xC7, 0x04, 0x0B, 0x0C, 0x2D, 0x78, 0x10, 
0xE1, 0x60, 0x45, 0x43, 0x77, 0xE3, 0xCB, 0x9F, 0x3F, 0x9F, 0xB1, 0xC4, 0xC5, 0x02, 0x2B, 0x88, 
0xA4, 0xCF, 0x7F, 0xBE, 0xC2, 0xF8, 0x83, 0xE8, 0x17, 0x53, 0x7F, 0x04, 0xC6, 0x37, 0xC0, 0x03, 
0x50, 0x05, 0x56, 0xA0, 0x7F, 0x0D, 0x70, 0x80, 0x40, 0x82, 0x0A, 0x2E, 0x58, 0xC8, 0x00, 0x13, 
0x40, 0xB0, 0x1A, 0x84, 0x0A, 0x82, 0x27, 0xDF, 0x20, 0x0D, 0x22, 0xC0, 0x00, 0x86, 0x07, 0x09, 
0x10, 0x80, 0x04, 0x06, 0x56, 0x78, 0x21, 0x88, 0x0C, 0x71, 0xF8, 0x54, 0x41, 0x01, 0x01, 0x00, 
0x21, 0xF9, 0x04, 0x05, 0x0A, 0x00, 0x86, 0x00, 0x2C, 0x1E, 0x00, 0x08, 0x00, 0x47, 0x00, 0x38, 
0x00, 0x00, 0x08, 0xFF, 0x00, 0x0B, 0x09, 0x1C, 0x48, 0xB0, 0xA0, 0xC1, 0x83, 0x08, 0x13, 0x2A, 
0x5C, 0xC8, 0xB0, 0xA1, 0xC3, 0x87, 0x10, 0x23, 0x4A, 0x9C, 0x48, 0xB1, 0xA2, 0xC5, 0x8B, 0x18, 
0x33, 0x6A, 0xDC, 0xC8, 0xB1, 0xA3, 0xC7, 0x8F, 0x20, 0x43, 0x8A, 0x1C, 0x49, 0xB2, 0x64, 0xC8, 
0x41, 0x83, 0x4C, 0x76, 0x24, 0x30, 0x20, 0x40, 0x80, 0x01, 0x04, 0x54, 0x6A, 0x1C, 0x90, 0x80, 
0x02, 0x85, 0x04, 0x0B, 0x62, 0xCA, 0xB4, 0x38, 0xA8, 0x41, 0x81, 0x0D, 0x07, 0x1C, 0x60, 0x58, 
0x80, 0x12, 0xE5, 0xCE, 0x85, 0x45, 0x05, 0xA2, 0x5C, 0xF0, 0x00, 0x02, 0x00, 0x06, 0x07, 0x44, 
0x3C, 0xA8, 0x20, 0x40, 0xC0, 0xCB, 0x94, 0x47, 0x0B, 0xB2, 0x0C, 0x60, 0x75, 0x40, 0xCB, 0x0A, 
0x0F, 0x44, 0x20, 0x20, 0x44, 0x88, 0x01, 0x82, 0x08, 0x06, 0x0C, 0x28, 0x28, 0x30, 0xA1, 0x01, 
0xCC, 0xAC, 0x03, 0x69, 0x16, 0xB0, 0x50, 0xE0, 0xC5, 0x8B, 0x02, 0x0A, 0x22, 0x20, 0x60, 0x40, 
0x96, 0x2C, 0x80, 0xBF, 0x00, 0x10, 0x40, 0x28, 0x80, 0x53, 0xE7, 0xD1, 0x41, 0x01, 0x0A, 0x1C, 
0x08, 0x1C, 0x41, 0xEF, 0xDF, 0xBE, 0x90, 0x21, 0x03, 0x08, 0xFA, 0x21, 0x03, 0xDC, 0x41, 0x02, 
0x14, 0x00, 0xF0, 0xBB, 0x99, 0x10, 0xE0, 0xCF, 0xA0, 0x01, 0x98, 0x48, 0x31, 0x22, 0x84, 0x61, 
0x99, 0x83, 0x2A, 0x18, 0xE8, 0xDC, 0x97, 0x04, 0xDA, 0xB4, 0xB0, 0x63, 0xA7, 0x5D, 0x5B, 0x19, 
0xEE, 0x80, 0x07, 0x11, 0x36, 0x7F, 0x8E, 0x70, 0xA2, 0x45, 0xD5, 0xDF, 0xC0, 0x7F, 0xBF, 0x3C, 
0xAD, 0xB2, 0x27, 0x87, 0xBD, 0x67, 0x0D, 0x44, 0xD8, 0x70, 0xA1, 0xC2, 0x8D, 0xA2, 0xD0, 0xA3, 
0x63, 0xCD, 0x3A, 0x60, 0x82, 0x53, 0x04, 0x52, 0x99, 0x3C, 0xA0, 0x00, 0x22, 0xC0, 0x74, 0xB8, 
0x06, 0x8D, 0x16, 0xFF, 0x42, 0x5C, 0x00, 0x01, 0x00, 0x08, 0x0F, 0x88, 0xB6, 0x0C, 0x20, 0x01, 
0xFC, 0xC1, 0xAD, 0x57, 0x6F, 0x54, 0xD0, 0x8C, 0x80, 0x43, 0x03, 0xAC, 0xE2, 0xDD, 0x17, 0xA4, 
0x69, 0x73, 0x6A, 0x8B, 0x13, 0x11, 0x98, 0x00, 0xC1, 0x04, 0x03, 0xE8, 0xA7, 0x10, 0x79, 0x1B, 
0x24, 0xA7, 0x9C, 0x0B, 0xF5, 0xDD, 0x67, 0x60, 0x42, 0x98, 0x59, 0xA0, 0xDB, 0x67, 0x03, 0x16, 
0xF8, 0x20, 0x42, 0xE4, 0x2D, 0xF6, 0xD9, 0x01, 0x05, 0x38, 0x78, 0x21, 0x42, 0x72, 0x29, 0x00, 
0xDB, 0x5A, 0x09, 0x58, 0xF8, 0xE1, 0x7B, 0x2D, 0x05, 0x37, 0xDC, 0x89, 0x07, 0x4A, 0xC7, 0xE2, 
0x8B, 0x30, 0x56, 0x24, 0x5D, 0x74, 0x31, 0x0E, 0x24, 0x01, 0x57, 0xC1, 0x09, 0x37, 0x40, 0x7E, 
0x27, 0x22, 0xA6, 0xC1, 0x05, 0xB2, 0xCD, 0x56, 0xC0, 0x54, 0xEC, 0xBD, 0x88, 0xD9, 0x05, 0x1E, 
0x84, 0xF6, 0xD7, 0x59, 0x0A, 0x68, 0xE0, 0x5D, 0x8F, 0x37, 0xB4, 0xB0, 0x5A, 0x64, 0x92, 0x79, 
0x60, 0x81, 0x00, 0xDF, 0xB9, 0xB7, 0x55, 0x05, 0x00, 0xB2, 0x46, 0x25, 0x21, 0x08, 0x14, 0xF0, 
0xE4, 0x83, 0x21, 0x46, 0x40, 0xC2, 0x97, 0x7D, 0x01, 0x10, 0xC1, 0x03, 0x26, 0x86, 0x97, 0x14, 
0x49, 0x19, 0x3E, 0x86, 0xA6, 0x5F, 0x06, 0x54, 0x90, 0xA5, 0x52, 0x29, 0x5A, 0xD5, 0xDE, 0x48, 
0xA9, 0x69, 0x36, 0x67, 0x59, 0x74, 0x62, 0xA9, 0xD5, 0x00, 0x0D, 0x4C, 0x80, 0xD7, 0x05, 0x4E, 
0xDE, 0xD9, 0xD1, 0x00, 0x2A, 0xE4, 0x36, 0x27, 0x09, 0x53, 0x90, 0x00, 0x80, 0x07, 0x17, 0x08, 
0x3A, 0x10, 0x01, 0x0B, 0x24, 0x50, 0x00, 0x04, 0xE6, 0x59, 0x69, 0x29, 0x48, 0x04, 0x84, 0x30, 
0x42, 0x15, 0x7C, 0x7D, 0xC9, 0xC0, 0x14, 0x71, 0x80, 0x11, 0x41, 0x93, 0x63, 0x0A, 0x94, 0xC1, 
0x07, 0x0E, 0x2C, 0xD9, 0x56, 0x16, 0x87, 0xAD, 0x82, 0xF4, 0xAA, 0x0D, 0x2E, 0x3C, 0xDA, 0x44, 
0x04, 0x3B, 0x00, 0x51, 0xE4, 0xA5, 0xA2, 0x92, 0xEA, 0x59, 0x50, 0x43, 0xF1, 0xE8, 0x11, 0x01, 
0x49, 0xE4, 0x00, 0x43, 0xA9, 0x5F, 0x06, 0x66, 0xC3, 0x50, 0xC4, 0x31, 0xDA, 0x81, 0x07, 0x82, 
0x15, 0x80, 0x41, 0x1B, 0x0D, 0x74, 0x45, 0xDC, 0x46, 0x88, 0xAD, 0x30, 0xD6, 0x9F, 0x0C, 0x54, 
0x51, 0x1A, 0x71, 0x3D, 0x69, 0x40, 0xD7, 0x04, 0x28, 0xB4, 0x81, 0xC1, 0x5C, 0x84, 0xB5, 0xC9, 
0x51, 0x84, 0x1E, 0xFC, 0xE9, 0x59, 0x04, 0x2A, 0xB8, 0x2B, 0xD0, 0x8D, 0x56, 0x49, 0xD1, 0x05, 
0x06, 0xB1, 0x02, 0xB0, 0x01, 0x05, 0xB5, 0x72, 0x1B, 0x80, 0x06, 0x1D, 0xEC, 0x35, 0x27, 0x00, 
0x0A, 0xD8, 0x89, 0xE1, 0x20, 0x84, 0x86, 0x75, 0x00, 0x03, 0x50, 0x01, 0xAC, 0x68, 0x46, 0x12, 
0x34, 0xE0, 0x30, 0xB3, 0x90, 0x41, 0x25, 0xE6, 0xC4, 0xE3, 0x0D, 0x5C, 0x30, 0x03, 0x93, 0x39, 
0x50, 0xA2, 0x48, 0x83, 0x2C, 0xC0, 0xAF, 0xAC, 0x91, 0x61, 0x37, 0x32, 0x84, 0x02, 0x58, 0xE0, 
0x81, 0x59, 0x83, 0x15, 0x36, 0x12, 0xA6, 0x9A, 0x72, 0xCA, 0xEC, 0x79, 0xE9, 0x6D, 0x4B, 0x10, 
0x82, 0x51, 0x3D, 0xE0, 0x96, 0xCE, 0xC7, 0x36, 0x2C, 0xC2, 0xC3, 0xB3, 0x76, 0xC8, 0x71, 0x5C, 
0x35, 0xDD, 0x44, 0xD4, 0x4E, 0x25, 0x9F, 0x1C, 0xF2, 0xCA, 0x0B, 0xC1, 0xF7, 0xD6, 0x51, 0x98, 
0xAE, 0x4B, 0x17, 0xB4, 0x0F, 0x19, 0xBB, 0xD3, 0x56, 0xDA, 0x1E, 0x14, 0x10, 0x00, 0x21, 0xF9, 
0x04, 0x05, 0x0A, 0x00, 0x86, 0x00, 0x2C, 0x1A, 0x00, 0x12, 0x00, 0x4C, 0x00, 0x2E, 0x00, 0x00, 
0x08, 0xFF, 0x00, 0x0B, 0x09, 0x1C, 0x48, 0xB0, 0xA0, 0x41, 0x83, 0x83, 0x12, 0x2A, 0x4C, 0x78, 
0xB0, 0xA1, 0xC3, 0x87, 0x10, 0x23, 0x3A, 0x1C, 0x34, 0x20, 0x80, 0x80, 0x8B, 0x18, 0x03, 0x48, 
0x90, 0xC8, 0xB1, 0xA3, 0xC7, 0x82, 0x14, 0x1B, 0x4C, 0x28, 0xA0, 0xC0, 0x80, 0x49, 0x03, 0x17, 
0x34, 0x04, 0x18, 0xF4, 0xB1, 0xA5, 0xCB, 0x83, 0x12, 0x44, 0x72, 0x80, 0x80, 0x00, 0x80, 0x4D, 
0x9B, 0x24, 0x2C, 0x08, 0x60, 0xF9, 0xB2, 0x67, 0xCB, 0x41, 0x0D, 0x74, 0x74, 0xA8, 0x49, 0xA8, 
0x28, 0x21, 0x06, 0x08, 0x3A, 0xA8, 0xE4, 0xE9, 0xB3, 0x69, 0x44, 0x02, 0x0B, 0x1E, 0x74, 0x30, 
0x61, 0xB4, 0x28, 0x80, 0x03, 0x22, 0x1E, 0x34, 0xD8, 0xE8, 0xB4, 0xAB, 0x43, 0xA8, 0x18, 0x44, 
0x20, 0xA8, 0x8A, 0x14, 0x42, 0x81, 0x04, 0x0B, 0x98, 0x7A, 0x5D, 0x4B, 0x70, 0x40, 0x02, 0x07, 
0x07, 0x18, 0x18, 0x65, 0x80, 0x55, 0xEB, 0x00, 0x02, 0x6C, 0xF3, 0x0E, 0x04, 0x5A, 0x20, 0xEE, 
0xDC, 0x03, 0x0E, 0x30, 0xA4, 0xD5, 0x4B, 0xB8, 0xD0, 0x80, 0x09, 0x10, 0x00, 0x54, 0x45, 0x20, 
0x42, 0x30, 0xDE, 0xC2, 0x79, 0x07, 0x05, 0x28, 0x30, 0xD6, 0x28, 0x00, 0x08, 0x0F, 0x16, 0x3C, 
0x86, 0xCC, 0x76, 0x50, 0x05, 0x05, 0x8A, 0x8D, 0x22, 0xE0, 0xD0, 0x40, 0x2D, 0x67, 0xAF, 0x03, 
0x1E, 0x44, 0x08, 0x4D, 0x08, 0x40, 0x84, 0x07, 0x03, 0x4E, 0x47, 0x9E, 0x5C, 0xD9, 0xAA, 0x82, 
0x0A, 0xA6, 0x65, 0x37, 0x1D, 0x24, 0x00, 0xF4, 0xE2, 0x02, 0x2B, 0x75, 0xAF, 0xE5, 0x6D, 0x80, 
0xB5, 0x6B, 0xD8, 0xC2, 0x87, 0x0B, 0x28, 0x6E, 0xD9, 0x00, 0xEE, 0xE4, 0x5E, 0x89, 0x1B, 0x37, 
0xB0, 0x13, 0x7A, 0x57, 0xE9, 0x96, 0x15, 0x54, 0xB7, 0xBE, 0x7B, 0x39, 0x6B, 0x04, 0xC0, 0x73, 
0x73, 0xFF, 0xFF, 0xC8, 0xDB, 0x77, 0xEB, 0xD7, 0xB1, 0xC7, 0xFB, 0x94, 0x4C, 0xD9, 0xAA, 0x73, 
0xF1, 0xEA, 0x3D, 0x1E, 0x9E, 0xDA, 0x5A, 0x3B, 0xFC, 0xF8, 0x1C, 0x81, 0x0A, 0x45, 0xB0, 0x21, 
0x3C, 0x7E, 0x9F, 0x31, 0x4D, 0x40, 0x01, 0x05, 0x09, 0xA4, 0xF7, 0x5F, 0x4F, 0x14, 0x05, 0x10, 
0xC0, 0x5D, 0x07, 0x36, 0x45, 0x40, 0x09, 0x25, 0x30, 0xE4, 0xD4, 0x42, 0xF7, 0x11, 0x96, 0xE0, 
0x45, 0x0B, 0x6E, 0xD6, 0x12, 0x01, 0x15, 0x65, 0x34, 0x40, 0x85, 0x5E, 0x71, 0x28, 0x12, 0x49, 
0x0A, 0x9C, 0xA5, 0xD9, 0x4B, 0x6E, 0x91, 0x64, 0x40, 0x89, 0x13, 0x34, 0xC0, 0x60, 0x61, 0x50, 
0x25, 0x50, 0x00, 0x4D, 0x36, 0x01, 0x56, 0xA0, 0x4B, 0xEC, 0x1D, 0x70, 0x13, 0x02, 0x66, 0xA1, 
0xA5, 0xE1, 0x5A, 0x60, 0xC1, 0xC5, 0x1A, 0x5D, 0xFE, 0x91, 0xD7, 0x1B, 0x6B, 0xAD, 0x01, 0xE6, 
0x98, 0x5E, 0x6E, 0xC1, 0x25, 0x57, 0x55, 0x00, 0xD8, 0xF7, 0x93, 0x77, 0x55, 0x1D, 0xA5, 0xE4, 
0x89, 0xC3, 0x35, 0xD0, 0xD7, 0x93, 0x50, 0x52, 0x07, 0xE2, 0x41, 0xD8, 0x55, 0x49, 0x57, 0x60, 
0x58, 0x3A, 0x05, 0xD5, 0x03, 0x89, 0x55, 0x69, 0xDB, 0x76, 0x1E, 0x95, 0x87, 0xE4, 0x5F, 0x64, 
0xFE, 0xE8, 0x12, 0x58, 0x62, 0xA9, 0x69, 0x65, 0x91, 0x6D, 0x4E, 0xE6, 0x97, 0x9A, 0x63, 0x2E, 
0xD9, 0x53, 0x90, 0x7B, 0x92, 0x65, 0xA3, 0x81, 0x1F, 0x35, 0x19, 0xA8, 0xA0, 0x71, 0xBE, 0x04, 
0x28, 0x97, 0x96, 0x5D, 0x29, 0x27, 0x47, 0x80, 0xBE, 0x59, 0x54, 0x9F, 0x65, 0x76, 0x34, 0xC8, 
0x02, 0x18, 0x38, 0x29, 0x26, 0x8F, 0x26, 0x3E, 0xDA, 0x51, 0x8C, 0x33, 0x22, 0xC0, 0xE8, 0xA4, 
0x57, 0x7E, 0xB9, 0xD7, 0x00, 0x0D, 0x3C, 0x20, 0xC2, 0xA1, 0x49, 0x66, 0xE5, 0xA2, 0xA7, 0x1E, 
0x89, 0x80, 0xA8, 0xAA, 0x8E, 0x7C, 0xD6, 0xF5, 0x2A, 0x44, 0x22, 0x4E, 0x30, 0x93, 0xA8, 0x50, 
0x72, 0x8A, 0x96, 0xA9, 0x96, 0x2E, 0x20, 0x23, 0x8D, 0x9B, 0xF6, 0x58, 0x69, 0x41, 0xA0, 0x12, 
0x3B, 0x17, 0x8F, 0x1C, 0xB4, 0xF8, 0x22, 0x5B, 0xB9, 0xEE, 0x3A, 0xEA, 0x55, 0x89, 0x22, 0x84, 
0xA9, 0x90, 0x62, 0xDA, 0xFA, 0x21, 0x67, 0x21, 0xCD, 0x3A, 0x2A, 0xA5, 0xA6, 0xC5, 0xE4, 0x6D, 
0xB6, 0x64, 0x02, 0x3B, 0xE1, 0xB5, 0xAC, 0xD2, 0xE5, 0x2A, 0x57, 0x85, 0xE8, 0x37, 0xD4, 0xB7, 
0x8E, 0x42, 0xB7, 0xE8, 0xA6, 0x1D, 0xE8, 0x50, 0x9A, 0x40, 0x03, 0xA8, 0xA0, 0x05, 0x09, 0x37, 
0xF5, 0x1B, 0xAF, 0x75, 0x91, 0xF6, 0x8B, 0x93, 0x16, 0x2A, 0xC4, 0x46, 0x40, 0x08, 0x61, 0x38, 
0x71, 0xD2, 0xC2, 0x25, 0xFA, 0xA8, 0x1E, 0xA8, 0x25, 0x2D, 0x6C, 0x92, 0x13, 0x61, 0x84, 0x40, 
0x40, 0x40, 0x00, 0x21, 0xF9, 0x04, 0x05, 0x0A, 0x00, 0x86, 0x00, 0x2C, 0x17, 0x00, 0x12, 0x00, 
0x52, 0x00, 0x2E, 0x00, 0x00, 0x08, 0xFF, 0x00, 0x0B, 0x09, 0x1C, 0x48, 0xB0, 0xA0, 0xC1, 0x83, 
0x08, 0x13, 0x2A, 0x5C, 0xC8, 0xB0, 0xA1, 0xC3, 0x87, 0x10, 0x23, 0x4A, 0x9C, 0x48, 0xB1, 0xA2, 
0xC5, 0x8B, 0x18, 0x33, 0x6A, 0xDC, 0xC8, 0xB1, 0xA3, 0xC7, 0x8F, 0x20, 0x43, 0x8A, 0x1C, 0x49, 
0xB2, 0xA4, 0xC9, 0x93, 0x28, 0x53, 0xAA, 0x5C, 0xC9, 0xB2, 0xA5, 0xCB, 0x97, 0x30, 0x63, 0xCA, 
0x9C, 0x49, 0xB3, 0xA6, 0xCD, 0x9B, 0x31, 0x07, 0xE9, 0xDC, 0x39, 0x08, 0x67, 0x44, 0x02, 0x03, 
0x02, 0x08, 0x18, 0x3A, 0x34, 0xC0, 0x80, 0x9E, 0x3E, 0x19, 0x12, 0x58, 0x90, 0xA0, 0x80, 0x02, 
0x03, 0x50, 0x15, 0x14, 0x98, 0xD0, 0x60, 0x00, 0x81, 0xA4, 0x09, 0x97, 0x62, 0x70, 0x70, 0x00, 
0x80, 0x57, 0xAF, 0x08, 0x20, 0x14, 0x48, 0xB0, 0xE0, 0x6A, 0x52, 0x9E, 0x03, 0x07, 0x24, 0xE0, 
0xCA, 0x80, 0x90, 0xDB, 0xB7, 0x00, 0x0E, 0x38, 0xC0, 0x50, 0xD6, 0x21, 0xDA, 0x92, 0x83, 0x82, 
0x16, 0x3D, 0x3A, 0x28, 0x40, 0x81, 0x03, 0x6D, 0xDF, 0x0A, 0x66, 0x20, 0x37, 0xC1, 0x00, 0x86, 
0x79, 0x85, 0x0A, 0x30, 0x8A, 0x14, 0x64, 0xDE, 0x06, 0x13, 0x9C, 0x4A, 0xA5, 0xBA, 0x40, 0x80, 
0x02, 0x00, 0x82, 0x33, 0x13, 0x22, 0x5C, 0x20, 0x40, 0x63, 0x83, 0x40, 0x21, 0x4B, 0x9E, 0x5A, 
0xF5, 0xB3, 0xC6, 0xD0, 0x13, 0x38, 0x40, 0x40, 0x00, 0x56, 0xEC, 0x0F, 0x20, 0x97, 0x35, 0x67, 
0x06, 0xA0, 0x40, 0x80, 0xE9, 0x81, 0x4B, 0x9B, 0xAE, 0x6E, 0xCD, 0x81, 0xAA, 0xD5, 0x8D, 0x83, 
0x98, 0x16, 0xD8, 0x2D, 0x38, 0xAE, 0x8D, 0x1C, 0x36, 0x00, 0xCB, 0x86, 0x5B, 0xFB, 0xB6, 0x40, 
0xB5, 0x5C, 0x31, 0xC3, 0x0D, 0x3B, 0x76, 0x81, 0xF3, 0x9F, 0x03, 0x1A, 0x3C, 0x10, 0xD1, 0x55, 
0x36, 0xE1, 0xE3, 0x36, 0x10, 0x2C, 0xFF, 0x77, 0x8B, 0xA0, 0xB3, 0xF3, 0xBE, 0x7F, 0x03, 0xCF, 
0x3E, 0x20, 0xE2, 0x41, 0x55, 0xB3, 0x13, 0x83, 0xEB, 0x46, 0xA0, 0x5E, 0x33, 0x6D, 0x20, 0x68, 
0x22, 0x48, 0xB7, 0x0F, 0x61, 0xC2, 0xE1, 0x83, 0x83, 0x58, 0xB6, 0x9F, 0x66, 0x0C, 0x50, 0x47, 
0xD6, 0x75, 0x0A, 0x85, 0xB6, 0x5D, 0x77, 0xE3, 0x11, 0x02, 0x80, 0x01, 0x2D, 0x30, 0x61, 0xC0, 
0x80, 0x82, 0x21, 0xC0, 0x41, 0x03, 0xD7, 0x05, 0x38, 0x61, 0x83, 0x0E, 0xB2, 0xE7, 0xDE, 0x6F, 
0x76, 0x09, 0xB7, 0x5A, 0x7D, 0xCB, 0x3D, 0xD8, 0x42, 0x0B, 0x1B, 0xF2, 0xE7, 0x5F, 0x42, 0x1A, 
0x52, 0xE8, 0x9D, 0x81, 0xD6, 0x29, 0x95, 0xDD, 0x82, 0x2E, 0x96, 0x08, 0x61, 0x0B, 0xB1, 0x65, 
0xC6, 0x19, 0x86, 0x2C, 0x0A, 0x90, 0x22, 0x87, 0x1D, 0xB6, 0xF7, 0x5E, 0x56, 0x22, 0xD2, 0x07, 
0x24, 0x73, 0x15, 0xA0, 0xF0, 0xD7, 0x7E, 0x5E, 0x15, 0xF6, 0x1F, 0x42, 0x01, 0xE6, 0x78, 0x64, 
0x81, 0x62, 0x91, 0x05, 0x1F, 0x41, 0x5A, 0x45, 0x77, 0x64, 0x85, 0x9D, 0x15, 0x09, 0x00, 0x02, 
0x11, 0x48, 0x65, 0xA5, 0x42, 0xE8, 0x89, 0xB7, 0xA5, 0x5B, 0x71, 0xCD, 0x55, 0x57, 0x41, 0xD0, 
0x29, 0x77, 0xA6, 0x83, 0xFD, 0x59, 0x95, 0x5D, 0x64, 0x16, 0x14, 0xF0, 0x40, 0x05, 0x46, 0x5D, 
0x89, 0xD0, 0x00, 0x13, 0x40, 0x50, 0x63, 0x83, 0x84, 0x39, 0x60, 0x58, 0x41, 0x83, 0x34, 0x90, 
0xDE, 0x9B, 0x9B, 0x1D, 0x50, 0x00, 0x8F, 0x85, 0x24, 0xB6, 0x18, 0x5F, 0x76, 0x19, 0xEA, 0xE6, 
0x99, 0x3B, 0x7E, 0xC6, 0xA7, 0x9F, 0x88, 0x06, 0x3A, 0x28, 0x41, 0x3B, 0x49, 0xD4, 0x26, 0x89, 
0x40, 0x02, 0x10, 0xE7, 0x40, 0x85, 0x72, 0x60, 0x26, 0xA5, 0x72, 0xD1, 0xA5, 0x67, 0x45, 0x59, 
0x4E, 0xBA, 0xA5, 0x85, 0x8C, 0x5E, 0x6A, 0xFA, 0x67, 0x89, 0xA9, 0xAE, 0x79, 0xDA, 0x02, 0x5B, 
0x31, 0xB8, 0xA5, 0xA8, 0x2B, 0x96, 0x49, 0x29, 0x8C, 0xAB, 0x62, 0x94, 0xDB, 0x70, 0x46, 0xBE, 
0x6A, 0x5E, 0x94, 0xB3, 0xAE, 0x27, 0x24, 0x88, 0x1E, 0x29, 0xC8, 0x5D, 0xB2, 0xC5, 0x35, 0xD7, 
0x22, 0x90, 0x54, 0x56, 0x87, 0x20, 0x70, 0x45, 0x82, 0x6A, 0x9F, 0x01, 0xB6, 0x21, 0xCB, 0x21, 
0x61, 0xCB, 0x06, 0xFB, 0x91, 0xB3, 0xAE, 0xCA, 0x46, 0x5B, 0xB7, 0x7E, 0x6D, 0xF0, 0xD5, 0xBA, 
0xEB, 0xD6, 0x7A, 0xAD, 0x63, 0xB8, 0x46, 0xC7, 0x2E, 0xBB, 0x1B, 0x98, 0x57, 0x88, 0x5A, 0x4E, 
0x41, 0xA5, 0xEF, 0xBE, 0x62, 0xDA, 0x9A, 0xD2, 0xB0, 0x4F, 0xED, 0xCB, 0xEF, 0x58, 0x87, 0x05, 
0x04, 0x00, 0x21, 0xF9, 0x04, 0x05, 0x0A, 0x00, 0x86, 0x00, 0x2C, 0x17, 0x00, 0x12, 0x00, 0x52, 
0x00, 0x2E, 0x00, 0x00, 0x08, 0xFF, 0x00, 0x0B, 0x09, 0x1C, 0x48, 0x50, 0xE0, 0xA0, 0x83, 0x83, 
0x0A, 0x2A, 0x5C, 0xC8, 0xB0, 0x61, 0x43, 0x84, 0x10, 0x23, 0x3A, 0x7C, 0x38, 0x68, 0x40, 0x00, 
0x01, 0x02, 0x02, 0x0C, 0x80, 0x38, 0xB1, 0xA3, 0xC7, 0x42, 0x04, 0x2C, 0x62, 0x1C, 0x49, 0x32, 
0xE3, 0x00, 0x02, 0x1F, 0x41, 0x5A, 0xAC, 0xF0, 0xA0, 0x80, 0x02, 0x05, 0x05, 0x1E, 0x54, 0xC0, 
0xA8, 0x31, 0x61, 0xCA, 0x9B, 0x06, 0x17, 0x24, 0x70, 0x69, 0xA0, 0xA7, 0xCF, 0x9E, 0x30, 0x13, 
0x2C, 0x40, 0xD9, 0x91, 0x80, 0x4E, 0x97, 0x11, 0x10, 0x00, 0x00, 0x80, 0x20, 0x02, 0xD0, 0x02, 
0x13, 0x1A, 0x9C, 0xC4, 0xF9, 0x51, 0x42, 0x83, 0x07, 0x22, 0x0E, 0x2C, 0xDD, 0xCA, 0x15, 0xC0, 
0x01, 0x07, 0x18, 0x86, 0x4E, 0x34, 0x8A, 0xC1, 0x81, 0x56, 0x00, 0x84, 0xD2, 0x12, 0xE2, 0x8A, 
0x00, 0x42, 0x01, 0xA1, 0x44, 0xA9, 0x3E, 0x6C, 0xA0, 0xA3, 0x03, 0x02, 0x06, 0x6A, 0xF3, 0xAA, 
0x65, 0xF0, 0x35, 0x6C, 0x5C, 0x85, 0x64, 0xCD, 0xE2, 0xD5, 0xAB, 0xD7, 0xAB, 0x83, 0x04, 0x03, 
0xE4, 0x3A, 0x1C, 0x30, 0xA1, 0x83, 0x09, 0xC2, 0x90, 0xF9, 0x82, 0x15, 0xBB, 0x70, 0x40, 0x02, 
0xC1, 0x90, 0x09, 0xF3, 0x2D, 0x10, 0xC0, 0xA6, 0xE2, 0x82, 0x83, 0x02, 0x14, 0x40, 0x90, 0x39, 
0xF2, 0x57, 0xC4, 0x0B, 0x07, 0x35, 0x28, 0x70, 0x60, 0x70, 0xE9, 0xBC, 0x00, 0x14, 0x08, 0xF0, 
0xFC, 0x79, 0xE0, 0x20, 0x01, 0x0A, 0xD0, 0xBE, 0xD6, 0xBB, 0xB9, 0xB3, 0x42, 0xC6, 0x10, 0x74, 
0xEF, 0x56, 0x0B, 0xC0, 0xC0, 0xEC, 0xDA, 0xA0, 0x05, 0x18, 0x10, 0x3E, 0x3C, 0x6D, 0xEC, 0xE3, 
0x04, 0x43, 0x8F, 0x6E, 0x0E, 0xDB, 0x38, 0x6D, 0xE4, 0xB7, 0x97, 0x53, 0x27, 0x6E, 0xA0, 0xC2, 
0xF5, 0x41, 0x15, 0x72, 0x6F, 0xFF, 0x77, 0x6E, 0x1D, 0x79, 0x74, 0xE5, 0xCC, 0x9B, 0x03, 0x88, 
0xF0, 0x20, 0x31, 0xC1, 0x01, 0x0F, 0x22, 0xA4, 0x1F, 0x5E, 0x1C, 0xBA, 0xF9, 0x42, 0xD9, 0xE7, 
0x0F, 0x47, 0x40, 0xC1, 0xB7, 0x41, 0xD1, 0xA4, 0x8D, 0xB7, 0x56, 0x79, 0xF7, 0xE1, 0x87, 0x9E, 
0x80, 0x84, 0xF0, 0xE7, 0x9F, 0x81, 0xE2, 0x09, 0x58, 0xDF, 0x75, 0xB5, 0xE5, 0xE7, 0x20, 0x7B, 
0xEE, 0x19, 0x74, 0xA0, 0x83, 0x04, 0xDE, 0x27, 0xE1, 0x78, 0xC5, 0x79, 0x77, 0x9E, 0x76, 0x18, 
0xDA, 0x67, 0xDE, 0x86, 0xDB, 0x3D, 0xF8, 0xA1, 0x7E, 0xBB, 0x99, 0x58, 0x20, 0x89, 0xD4, 0xA9, 
0x68, 0x21, 0x88, 0x1C, 0x66, 0x48, 0xD0, 0x5F, 0x29, 0xB1, 0xA8, 0x9E, 0x8C, 0xB7, 0x35, 0x18, 
0xA3, 0x88, 0xF8, 0x0D, 0x10, 0xC2, 0x46, 0x08, 0x7D, 0x64, 0x23, 0x7D, 0x38, 0x02, 0x88, 0x60, 
0x87, 0x9E, 0x85, 0xD4, 0x80, 0x0A, 0x23, 0xA8, 0x30, 0x93, 0x49, 0x10, 0x2A, 0x34, 0x64, 0x8A, 
0x32, 0x16, 0x02, 0x9F, 0x7C, 0x13, 0xB6, 0x37, 0x90, 0x65, 0x05, 0x74, 0x40, 0x86, 0x53, 0x06, 
0xC0, 0x14, 0xD5, 0x54, 0x0F, 0x5D, 0x58, 0x62, 0x95, 0xE0, 0xC1, 0xB8, 0x1D, 0x02, 0x9C, 0x25, 
0x24, 0x9D, 0x56, 0x0C, 0xB0, 0xE5, 0x16, 0x5C, 0x65, 0xAA, 0xA9, 0x9E, 0x6C, 0xDF, 0x99, 0x59, 
0x22, 0x9E, 0x0C, 0xEA, 0x67, 0x98, 0x5F, 0x0C, 0x4D, 0xF9, 0x1A, 0x9B, 0x0B, 0x5A, 0xA8, 0xE3, 
0x99, 0xC7, 0xE5, 0x88, 0xA2, 0x64, 0xA8, 0xA5, 0xA6, 0x27, 0x7D, 0x14, 0x4A, 0x69, 0x64, 0x88, 
0x6E, 0x8A, 0x76, 0xD6, 0x7C, 0xBD, 0x45, 0x29, 0x68, 0x66, 0x48, 0x56, 0x16, 0x1F, 0x8A, 0xA5, 
0xA9, 0xC8, 0xA5, 0x02, 0x06, 0x44, 0x40, 0x02, 0x61, 0xCF, 0x69, 0xFA, 0x28, 0x95, 0x3C, 0x1A, 
0x54, 0x81, 0x9D, 0x44, 0x42, 0xFA, 0x17, 0xD2, 0x45, 0x2D, 0x9C, 0x80, 0x65, 0x75, 0xAD, 0x1A, 
0x08, 0xEB, 0x6B, 0xA9, 0x3A, 0x7A, 0xE8, 0x9D, 0xF6, 0x0D, 0x52, 0xC2, 0x0D, 0x12, 0x30, 0x61, 
0xA7, 0x8B, 0xE7, 0xFD, 0xBA, 0x1B, 0xA1, 0x9A, 0x5A, 0xEA, 0xDA, 0x70, 0x99, 0xAA, 0x74, 0x91, 
0x00, 0xB5, 0xDE, 0xCA, 0x5D, 0xAE, 0x6F, 0x3E, 0xFB, 0x9A, 0x09, 0x1D, 0x4C, 0x50, 0xE1, 0x6F, 
0x97, 0xB5, 0xD6, 0x1C, 0xA3, 0xEE, 0x8D, 0xDA, 0x93, 0xA9, 0xA8, 0xF2, 0x59, 0x59, 0xB8, 0xDA, 
0xA2, 0x8A, 0x40, 0x07, 0x3A, 0x34, 0x10, 0xA5, 0x40, 0x81, 0x89, 0xFB, 0x9A, 0x64, 0x80, 0xBE, 
0xC9, 0x95, 0x66, 0x07, 0xB4, 0xC9, 0x50, 0xBD, 0x4B, 0xA1, 0xCA, 0x14, 0x04, 0x1C, 0x44, 0x25, 
0xC1, 0x58, 0x0B, 0x94, 0xA5, 0x15, 0xA7, 0x7F, 0x52, 0xA6, 0x68, 0x69, 0xE4, 0x3A, 0x64, 0xD4, 
0x4E, 0x0A, 0x24, 0xC5, 0x56, 0x04, 0x62, 0x4A, 0x35, 0x6F, 0x41, 0x13, 0x17, 0x00, 0x81, 0x52, 
0x5D, 0x35, 0x15, 0x14, 0x65, 0x7D, 0x66, 0x86, 0x2F, 0xC9, 0xFF, 0xAE, 0xD4, 0x12, 0xA9, 0x61, 
0xC6, 0x54, 0x41, 0x4D, 0x37, 0x29, 0x39, 0x01, 0x4F, 0x3E, 0xC1, 0x24, 0x93, 0x46, 0x7F, 0xE9, 
0x5B, 0x58, 0xC3, 0x34, 0x52, 0x24, 0xD2, 0x48, 0x35, 0x6D, 0x3C, 0x51, 0x45, 0xD3, 0x92, 0x14, 
0xF4, 0xBA, 0x1E, 0x83, 0xCC, 0x14, 0xC6, 0x6F, 0xA1, 0x2C, 0xA4, 0x44, 0x23, 0x46, 0x74, 0x90, 
0xC4, 0x03, 0x34, 0x30, 0x33, 0xA9, 0x36, 0xBF, 0x4C, 0x66, 0x81, 0x5C, 0xD7, 0xF8, 0x33, 0x94, 
0x42, 0x77, 0x2D, 0x76, 0x6A, 0x1C, 0x8D, 0x6D, 0xF6, 0xD9, 0x68, 0xA7, 0xAD, 0xF6, 0xDA, 0x6C, 
0xB7, 0xED, 0xF6, 0xDB, 0x70, 0xC7, 0x2D, 0xF7, 0xDC, 0x74, 0xD7, 0x6D, 0xB7, 0x42, 0x01, 0x01, 
0x00, 0x21, 0xF9, 0x04, 0x05, 0x0A, 0x00, 0x86, 0x00, 0x2C, 0x18, 0x00, 0x12, 0x00, 0x4F, 0x00, 
0x26, 0x00, 0x00, 0x08, 0xFF, 0x00, 0x0B, 0x09, 0x1C, 0x38, 0x70, 0x90, 0xC1, 0x83, 0x08, 0x0D, 
0x12, 0x5C, 0xC8, 0xB0, 0xA1, 0x43, 0x87, 0x09, 0x23, 0x0E, 0x7A, 0xC8, 0x90, 0xC0, 0x80, 0x00, 
0x02, 0x32, 0x6A, 0xDC, 0x18, 0x60, 0xC0, 0x44, 0x8A, 0x20, 0x43, 0x0E, 0xBA, 0xB8, 0xB1, 0xA4, 
0x80, 0x8E, 0x04, 0x42, 0x12, 0x58, 0x90, 0xA0, 0x80, 0x02, 0x03, 0x30, 0x63, 0xC2, 0x54, 0x50, 
0x60, 0x42, 0x83, 0x01, 0x29, 0x43, 0xEA, 0x24, 0x68, 0xB1, 0xC1, 0x04, 0x97, 0x32, 0x65, 0xD2, 
0x4C, 0xB0, 0x20, 0xA7, 0xC3, 0x95, 0x18, 0x1C, 0x1C, 0x00, 0xC0, 0xB4, 0xA9, 0x53, 0x04, 0x10, 
0x0A, 0x10, 0x35, 0xBA, 0x13, 0xE4, 0xCA, 0x96, 0x10, 0x10, 0x38, 0xDD, 0x0A, 0xE0, 0x80, 0x03, 
0x0C, 0x45, 0x8F, 0x2E, 0x48, 0x7A, 0x80, 0x01, 0xA1, 0xB3, 0x68, 0xD3, 0x12, 0xEA, 0xEA, 0x20, 
0xC1, 0x80, 0xAA, 0x3A, 0x07, 0x24, 0x50, 0x0A, 0x40, 0xAD, 0x5D, 0x06, 0x5E, 0xC1, 0x52, 0x15, 
0x88, 0x54, 0xA9, 0x59, 0xBB, 0x77, 0x0F, 0x14, 0x68, 0xF0, 0x11, 0x2E, 0xC4, 0x06, 0x05, 0xCA, 
0x02, 0x0E, 0xFC, 0x35, 0x2C, 0x41, 0xB9, 0x7E, 0x17, 0x03, 0x06, 0x00, 0x61, 0xC2, 0x5B, 0xC3, 
0x0E, 0x07, 0x4C, 0x80, 0x50, 0x57, 0xB2, 0x5A, 0xBC, 0x6D, 0x2F, 0x0B, 0x1C, 0x14, 0x20, 0xF1, 
0x5F, 0xCF, 0x6A, 0x11, 0x14, 0x08, 0x50, 0x18, 0x73, 0xC1, 0xD2, 0x08, 0x50, 0x07, 0x5E, 0x5D, 
0x78, 0x90, 0x00, 0x05, 0x9D, 0x65, 0xA7, 0x05, 0xA0, 0x40, 0x40, 0x6B, 0xD7, 0x85, 0x6C, 0xE3, 
0xD6, 0xAD, 0x96, 0xB7, 0xEF, 0x82, 0x02, 0x0C, 0xE4, 0x26, 0xBE, 0xD6, 0xC0, 0x71, 0xE0, 0xC8, 
0x95, 0x33, 0x47, 0x0B, 0xC0, 0x79, 0xED, 0xE4, 0xCB, 0x89, 0x57, 0x7F, 0x0E, 0x3D, 0x38, 0xF6, 
0xE9, 0x67, 0xB7, 0x5F, 0xFF, 0x97, 0x0E, 0x5E, 0x7C, 0xF7, 0xD1, 0xDF, 0xCB, 0x5B, 0x8F, 0x9E, 
0x5D, 0xB7, 0xF9, 0xF3, 0xB6, 0xC9, 0x4F, 0x7F, 0xEF, 0x5D, 0x3E, 0x73, 0xFA, 0xD0, 0xE3, 0xB7, 
0x97, 0x4D, 0x5F, 0x3F, 0xF8, 0xE6, 0xDC, 0xE5, 0x97, 0xDE, 0x7C, 0xEB, 0xA1, 0x67, 0x9F, 0x76, 
0xBD, 0xFD, 0xE6, 0x9A, 0x70, 0xFB, 0xA1, 0xD6, 0xDF, 0x80, 0xCC, 0xA9, 0xC6, 0xDA, 0x79, 0xC1, 
0xC1, 0xF6, 0xDF, 0x83, 0x07, 0xF2, 0x17, 0xC1, 0x03, 0xA2, 0x9D, 0x37, 0xC0, 0x03, 0x11, 0x34, 
0x28, 0x19, 0x86, 0x22, 0x2E, 0x56, 0x5D, 0x05, 0x0A, 0x02, 0x37, 0x48, 0x05, 0x19, 0x3A, 0x58, 
0x60, 0x7D, 0x25, 0x4E, 0x66, 0x00, 0x8A, 0x14, 0x8E, 0xC6, 0x62, 0x8C, 0x76, 0x3D, 0x38, 0xDC, 
0x7C, 0x1B, 0x76, 0xD8, 0xDD, 0x87, 0x21, 0x96, 0x97, 0xE0, 0x6B, 0x05, 0xC4, 0x06, 0x9E, 0x84, 
0x29, 0x1A, 0x46, 0x5A, 0x91, 0xFF, 0x21, 0xF9, 0x18, 0x88, 0x38, 0x16, 0x37, 0x64, 0x41, 0x07, 
0xC1, 0xC5, 0x60, 0x79, 0x3D, 0x2E, 0xB4, 0x62, 0x8B, 0x9E, 0xBD, 0x67, 0x11, 0x46, 0x27, 0xE1, 
0xB4, 0x93, 0x7F, 0x04, 0xD2, 0x48, 0x10, 0x99, 0xF7, 0x15, 0x28, 0x97, 0x4B, 0x43, 0x39, 0x06, 
0x12, 0x9A, 0xDA, 0xBD, 0x88, 0xDE, 0x8E, 0xF7, 0x0D, 0xB9, 0xE4, 0x52, 0x6C, 0xE9, 0x75, 0x66, 
0x42, 0x73, 0x46, 0xB9, 0xDB, 0x94, 0x44, 0x1A, 0x19, 0x21, 0x6D, 0xDE, 0xED, 0x08, 0x1A, 0x58, 
0x07, 0x91, 0xA4, 0x11, 0x4A, 0x4B, 0x0A, 0x4A, 0x9C, 0x93, 0x0B, 0x69, 0xC6, 0xD9, 0x7D, 0x59, 
0xC2, 0x88, 0x16, 0x5E, 0x22, 0x3C, 0x50, 0x81, 0x00, 0x15, 0x3C, 0x00, 0x94, 0x01, 0x43, 0xE1, 
0x04, 0xA4, 0x9F, 0x6B, 0x55, 0xE6, 0xE3, 0x68, 0x88, 0x29, 0xE6, 0x9E, 0x02, 0x66, 0x5E, 0x79, 
0x29, 0x02, 0x11, 0xC4, 0xC3, 0x14, 0x81, 0x56, 0x4D, 0x09, 0xC6, 0xDA, 0x8A, 0x74, 0xA2, 0x86, 
0xD7, 0x60, 0x49, 0x42, 0xB6, 0x14, 0x7F, 0xB6, 0x7E, 0x74, 0xE7, 0x69, 0xE1, 0x39, 0x55, 0x9C, 
0x05, 0xBE, 0xDD, 0x89, 0x23, 0x5B, 0x6E, 0x3D, 0x74, 0x55, 0x01, 0x59, 0x19, 0x4B, 0x1D, 0x00, 
0x50, 0x49, 0xD5, 0xA1, 0x5C, 0x22, 0x38, 0x8A, 0x9A, 0x93, 0x6B, 0x46, 0xBB, 0xDC, 0x53, 0x51, 
0x4D, 0x45, 0x51, 0x4F, 0x3F, 0xBD, 0x64, 0xC0, 0xAC, 0x4C, 0xC1, 0x4A, 0x93, 0x4D, 0x62, 0x0E, 
0xB4, 0xD2, 0x03, 0x1D, 0x98, 0xE0, 0x9E, 0xA9, 0x7C, 0x0D, 0xE0, 0x93, 0x4B, 0xE8, 0x52, 0x1B, 
0x2B, 0xA8, 0x35, 0xDD, 0xB4, 0x17, 0x44, 0x8A, 0x76, 0xCA, 0x66, 0x01, 0x9A, 0x76, 0x94, 0xE2, 
0x20, 0x0D, 0xE8, 0xD0, 0x81, 0x56, 0x23, 0x76, 0xC5, 0xEB, 0x99, 0x17, 0x09, 0xAC, 0x00, 0x4D, 
0x9A, 0x66, 0x64, 0xB0, 0x92, 0x89, 0x82, 0x69, 0x70, 0x92, 0x02, 0x49, 0xE0, 0x13, 0x07, 0xDE, 
0x76, 0x96, 0x6E, 0x04, 0xA1, 0x36, 0x64, 0x90, 0xA2, 0x1B, 0x2B, 0x04, 0x5F, 0x95, 0x3A, 0x8D, 
0x74, 0xEF, 0x4B, 0xB3, 0xAA, 0x4B, 0x70, 0x05, 0x28, 0x51, 0x84, 0x50, 0x8D, 0x14, 0x8E, 0x84, 
0x51, 0xA7, 0x14, 0x50, 0x50, 0xB0, 0x47, 0x1C, 0xE3, 0x2C, 0xB4, 0x96, 0x27, 0x07, 0xB0, 0xF1, 
0xD0, 0x48, 0x63, 0x9C, 0x34, 0x43, 0x01, 0x01, 0x00, 0x21, 0xF9, 0x04, 0x05, 0x0A, 0x00, 0x86, 
0x00, 0x2C, 0x35, 0x00, 0x2B, 0x00, 0x18, 0x00, 0x0D, 0x00, 0x00, 0x08, 0x8E, 0x00, 0x0D, 0x09, 
0x1C, 0x48, 0xB0, 0x60, 0xA1, 0x83, 0x08, 0x0B, 0x2A, 0x54, 0x38, 0xA8, 0xA1, 0xC3, 0x41, 0x07, 
0x07, 0x2A, 0x58, 0x38, 0x50, 0x80, 0xC5, 0x8B, 0x02, 0x02, 0x0C, 0x20, 0x50, 0xC8, 0x50, 0x80, 
0x02, 0x08, 0x28, 0x0A, 0x34, 0x40, 0x92, 0xA4, 0x82, 0x02, 0x09, 0x06, 0x1C, 0x1C, 0x30, 0x01, 
0x02, 0x00, 0x91, 0x86, 0x00, 0xC8, 0x94, 0x79, 0xA0, 0x40, 0x00, 0x81, 0x83, 0x1A, 0x14, 0x38, 
0xF0, 0x12, 0xE6, 0x40, 0x00, 0x16, 0x04, 0x08, 0x2C, 0x34, 0x20, 0x41, 0x01, 0x08, 0x08, 0x7A, 
0x8A, 0x64, 0x50, 0x33, 0xC0, 0x20, 0x81, 0x04, 0x06, 0x34, 0x98, 0xC0, 0x01, 0xA9, 0x4C, 0x91, 
0x0E, 0x52, 0x12, 0x2C, 0x34, 0x48, 0xEA, 0x84, 0x02, 0x0A, 0x22, 0x24, 0x55, 0x4A, 0x70, 0x01, 
0x01, 0x83, 0x5C, 0x07, 0x04, 0xA8, 0xF0, 0x00, 0x2C, 0x49, 0x9F, 0x5B, 0xB9, 0x76, 0x0D, 0x80, 
0x11, 0x6E, 0x5C, 0xB9, 0x0D, 0xED, 0x52, 0x8C, 0x28, 0x32, 0x20, 0x00, 0x21, 0xF9, 0x04, 0x05, 
0x0A, 0x00, 0x86, 0x00, 0x2C, 0x36, 0x00, 0x28, 0x00, 0x17, 0x00, 0x0F, 0x00, 0x00, 0x08, 0x98, 
0x00, 0x0D, 0x09, 0x14, 0x58, 0x68, 0xA0, 0xC1, 0x83, 0x08, 0x07, 0x06, 0x18, 0x30, 0xA8, 0x60, 
0xC2, 0x87, 0x02, 0x2D, 0x14, 0x98, 0xD0, 0x60, 0x00, 0xC4, 0x8B, 0x08, 0x20, 0x14, 0x48, 0x70, 
0xF1, 0x22, 0x00, 0x84, 0x85, 0x42, 0x3A, 0x0C, 0xD9, 0x51, 0x21, 0xC3, 0x41, 0x03, 0x02, 0x2C, 
0x6C, 0xE8, 0xD0, 0xD0, 0x01, 0x06, 0x08, 0x15, 0x14, 0x78, 0x50, 0xA1, 0xC2, 0x03, 0x0A, 0x14, 
0x28, 0x0E, 0x20, 0x20, 0x30, 0x81, 0x83, 0x97, 0x08, 0x11, 0x44, 0x30, 0x60, 0x20, 0x02, 0x82, 
0x8C, 0x1B, 0x07, 0x14, 0x22, 0xB0, 0x00, 0xC3, 0xCF, 0x8F, 0x07, 0x01, 0x48, 0x85, 0x0A, 0x60, 
0x03, 0x85, 0x00, 0x02, 0x99, 0x26, 0x28, 0x00, 0x01, 0x81, 0xD4, 0x8E, 0x14, 0x06, 0x2E, 0x1D, 
0xD0, 0x60, 0x42, 0x01, 0x05, 0x46, 0xA7, 0x4E, 0xBD, 0x58, 0x08, 0x65, 0x00, 0x9B, 0x67, 0x89, 
0xCA, 0x35, 0xD0, 0xB1, 0xAD, 0x5B, 0x01, 0x78, 0xF3, 0xE2, 0x2D, 0x19, 0x72, 0x90, 0xDF, 0xBF, 
0x7E, 0x4B, 0x1A, 0x14, 0x29, 0x32, 0x61, 0x40, 0x00, 0x21, 0xF9, 0x04, 0x05, 0x0A, 0x00, 0x86, 
0x00, 0x2C, 0x34, 0x00, 0x28, 0x00, 0x19, 0x00, 0x0F, 0x00, 0x00, 0x08, 0xC6, 0x00, 0x0B, 0x09, 
0x1C, 0x48, 0xB0, 0xA0, 0xC1, 0x81, 0x83, 0x08, 0x12, 0x38, 0xC8, 0x90, 0x60, 0xC2, 0x42, 0x04, 
0x32, 0x84, 0x18, 0x30, 0xE8, 0x61, 0xC3, 0x82, 0x09, 0x09, 0x2C, 0xF8, 0x30, 0x42, 0x45, 0x85, 
0x00, 0x14, 0x0F, 0x56, 0xAC, 0x88, 0xB0, 0xD0, 0x80, 0x04, 0x0E, 0xAA, 0x44, 0x50, 0x50, 0x60, 
0x42, 0x03, 0x8A, 0x04, 0x46, 0x0E, 0x08, 0x20, 0x40, 0x00, 0xC8, 0x85, 0x15, 0x03, 0x14, 0x38, 
0xC0, 0x00, 0x00, 0x00, 0x04, 0x10, 0x38, 0x4C, 0x40, 0x41, 0x83, 0x66, 0x85, 0x07, 0x05, 0x14, 
0xB0, 0x4C, 0x30, 0x40, 0xE0, 0x20, 0x01, 0x16, 0x00, 0x10, 0x9A, 0x4A, 0xE8, 0x27, 0x84, 0x15, 
0x39, 0x56, 0x28, 0x30, 0x10, 0x01, 0x81, 0xCF, 0x03, 0x05, 0x02, 0x24, 0x1C, 0xA4, 0x93, 0x27, 
0xD5, 0xA9, 0x3F, 0x61, 0x78, 0xF5, 0x49, 0x15, 0x80, 0x02, 0x01, 0x0F, 0x4F, 0x3A, 0x30, 0x7B, 
0x96, 0x10, 0x83, 0xBA, 0x68, 0xDF, 0x3E, 0xD4, 0x88, 0x61, 0xEE, 0x5D, 0xBC, 0x75, 0x01, 0x80, 
0x15, 0x3B, 0x90, 0xEF, 0x5C, 0x9F, 0x52, 0x03, 0x5B, 0x2D, 0xC0, 0xB4, 0xA0, 0xC6, 0x04, 0x49, 
0xB9, 0xAE, 0xF5, 0x89, 0x60, 0x65, 0xCB, 0x97, 0x0B, 0x1D, 0xCF, 0x14, 0x70, 0x34, 0xB2, 0x01, 
0x96, 0x0F, 0x3E, 0x86, 0x6C, 0x28, 0x93, 0x66, 0x4D, 0x9B, 0x14, 0x2D, 0x5E, 0x44, 0x38, 0x92, 
0x24, 0xC3, 0x80, 0x00, 0x21, 0xF9, 0x04, 0x05, 0x0A, 0x00, 0x86, 0x00, 0x2C, 0x34, 0x00, 0x29, 
0x00, 0x18, 0x00, 0x0E, 0x00, 0x00, 0x08, 0xB9, 0x00, 0x0B, 0x09, 0x1C, 0x48, 0xB0, 0xA0, 0x41, 
0x83, 0x83, 0x12, 0x0E, 0x3A, 0x38, 0x50, 0xE1, 0xC2, 0x81, 0x04, 0x06, 0x04, 0x10, 0x20, 0x20, 
0xC0, 0x80, 0x87, 0x04, 0x23, 0x4E, 0xAC, 0x38, 0x80, 0x80, 0xC0, 0x01, 0x09, 0x0A, 0x28, 0x50, 
0x50, 0x60, 0x42, 0x83, 0x8B, 0x02, 0x13, 0x2E, 0x08, 0x39, 0xB2, 0x40, 0x82, 0x01, 0x85, 0x06, 
0x05, 0x28, 0x70, 0x00, 0x00, 0x00, 0x04, 0x10, 0x38, 0x98, 0x1C, 0x20, 0xB1, 0xC2, 0x03, 0x11, 
0x35, 0x01, 0x1C, 0x28, 0x10, 0x20, 0xA1, 0x00, 0x05, 0x00, 0x08, 0x29, 0xBD, 0x99, 0xF3, 0xC5, 
0x0B, 0x91, 0x11, 0x10, 0x30, 0x58, 0xAA, 0x40, 0x80, 0x51, 0xA4, 0x4A, 0xB3, 0xDE, 0x8C, 0x10, 
0xD5, 0x66, 0x56, 0x42, 0x00, 0xAA, 0x26, 0x9C, 0x79, 0x60, 0xEA, 0x57, 0xB0, 0x49, 0xCF, 0x32, 
0x18, 0x5A, 0xB4, 0x10, 0x48, 0x07, 0x65, 0xCF, 0xCA, 0x25, 0xB4, 0xD6, 0xC1, 0x4B, 0x81, 0x04, 
0x16, 0x60, 0x80, 0x6B, 0x76, 0x2E, 0xD8, 0x03, 0x0E, 0x30, 0x2C, 0xF0, 0x88, 0x57, 0x2F, 0x5C, 
0x9B, 0x88, 0x13, 0xE3, 0x74, 0x39, 0xB8, 0x60, 0x5E, 0x96, 0x06, 0x22, 0x4B, 0x36, 0x40, 0x72, 
0x27, 0x61, 0xC7, 0x12, 0x29, 0x6A, 0xDE, 0x6C, 0x11, 0x23, 0x43, 0x87, 0xA0, 0x13, 0x1E, 0x0C, 
0x08, 0x00, 0x21, 0xF9, 0x04, 0x05, 0x0A, 0x00, 0x86, 0x00, 0x2C, 0x00, 0x00, 0x00, 0x00, 0x01, 
0x00, 0x01, 0x00, 0x00, 0x08, 0x04, 0x00, 0x0D, 0x05, 0x04, 0x00, 0x21, 0xF9, 0x04, 0x05, 0x0A, 
0x00, 0x86, 0x00, 0x2C, 0x00, 0x00, 0x00, 0x00, 0x01, 0x00, 0x01, 0x00, 0x00, 0x08, 0x04, 0x00, 
0x0D, 0x05, 0x04, 0x00, 0x21, 0xF9, 0x04, 0x05, 0x0A, 0x00, 0x86, 0x00, 0x2C, 0x00, 0x00, 0x00, 
0x00, 0x01, 0x00, 0x01, 0x00, 0x00, 0x08, 0x04, 0x00, 0x0D, 0x05, 0x04, 0x00, 0x21, 0xF9, 0x04, 
0x05, 0x0A, 0x00, 0x86, 0x00, 0x2C, 0x00, 0x00, 0x00, 0x00, 0x01, 0x00, 0x01, 0x00, 0x00, 0x08, 
0x04, 0x00, 0x0D, 0x05, 0x04, 0x00, 0x21, 0xF9, 0x04, 0x05, 0x0A, 0x00, 0x86, 0x00, 0x2C, 0x00, 
0x00, 0x00, 0x00, 0x01, 0x00, 0x01, 0x00, 0x00, 0x08, 0x04, 0x00, 0x0D, 0x05, 0x04, 0x00, 0x21, 
0xF9, 0x04, 0x05, 0x0A, 0x00, 0x86, 0x00, 0x2C, 0x00, 0x00, 0x00, 0x00, 0x01, 0x00, 0x01, 0x00, 
0x00, 0x08, 0x04, 0x00, 0x0D, 0x05, 0x04, 0x00, 0x3B};
